TimeSec,CurX,CurY,CurZ,TgtX,TgtY,TgtZ
1.75104e+09,0.140007,1.11543e-06,1.005,0.14,0,1.005
1.75104e+09,0.140007,1.11543e-06,1.005,0.14,0,1.005
1.75104e+09,0.140007,1.11543e-06,1.005,0.14,0,1.005
1.75104e+09,0.140007,1.13112e-06,1.005,0.14,0,1.005
1.75104e+09,0.140007,1.13112e-06,1.005,0.14,0,1.005
1.75104e+09,0.140007,1.13112e-06,1.005,0.14,0,1.005
1.75104e+09,0.140007,1.13112e-06,1.005,0.14,0,1.005
1.75104e+09,0.140007,1.13112e-06,1.005,0.14,0,1.005
1.75104e+09,0.140007,1.13112e-06,1.005,0.14,0,1.005
1.75104e+09,0.140007,1.13112e-06,1.005,0.14,0,1.005
1.75104e+09,0.140007,1.13112e-06,1.005,0.145392,-0.00157991,0.999518
1.75104e+09,0.140007,1.13112e-06,1.005,0.145392,-0.00157991,0.999518
1.75104e+09,0.140007,1.13112e-06,1.005,0.145392,-0.00157991,0.999518
1.75104e+09,0.140007,1.13112e-06,1.005,0.145392,-0.00157991,0.999518
1.75104e+09,0.140007,1.13112e-06,1.005,0.145392,-0.00157991,0.999518
1.75104e+09,0.140007,1.14678e-06,1.005,0.145392,-0.00157991,0.999518
1.75104e+09,0.140007,1.14678e-06,1.005,0.145392,-0.00157991,0.999518
1.75104e+09,0.140007,1.14678e-06,1.005,0.145392,-0.00157991,0.999518
1.75104e+09,0.140007,1.14678e-06,1.005,0.145392,-0.00157991,0.999518
1.75104e+09,0.140007,1.14678e-06,1.005,0.145392,-0.00157991,0.999518
1.75104e+09,0.140007,1.14678e-06,1.005,0.150784,-0.0030963,0.994073
1.75104e+09,0.140007,1.14678e-06,1.005,0.150784,-0.0030963,0.994073
1.75104e+09,0.140007,1.14678e-06,1.005,0.150784,-0.0030963,0.994073
1.75104e+09,0.140007,1.14678e-06,1.005,0.150784,-0.0030963,0.994073
1.75104e+09,0.140007,1.14678e-06,1.005,0.150784,-0.0030963,0.994073
1.75104e+09,0.140007,1.14678e-06,1.005,0.150784,-0.0030963,0.994073
1.75104e+09,0.143722,1.19331e-06,1.0044,0.150784,-0.0030963,0.994073
1.75104e+09,0.143722,1.19331e-06,1.0044,0.150784,-0.0030963,0.994073
1.75104e+09,0.143722,1.19331e-06,1.0044,0.150784,-0.0030963,0.994073
1.75104e+09,0.143722,1.19331e-06,1.0044,0.156174,-0.00455015,0.988666
1.75104e+09,0.143722,1.19331e-06,1.0044,0.156174,-0.00455015,0.988666
1.75104e+09,0.143722,1.19331e-06,1.0044,0.156174,-0.00455015,0.988666
1.75104e+09,0.143722,1.19331e-06,1.0044,0.156174,-0.00455015,0.988666
1.75104e+09,0.143722,1.19331e-06,1.0044,0.156174,-0.00455015,0.988666
1.75104e+09,0.143722,1.19331e-06,1.0044,0.156174,-0.00455015,0.988666
1.75104e+09,0.180633,-0.00046075,0.999112,0.156174,-0.00455015,0.988666
1.75104e+09,0.180633,-0.00046075,0.999112,0.156174,-0.00455015,0.988666
1.75104e+09,0.180633,-0.00046075,0.999112,0.156174,-0.00455015,0.988666
1.75104e+09,0.180633,-0.00046075,0.999112,0.156174,-0.00455015,0.988666
1.75104e+09,0.180633,-0.00046075,0.999112,0.16156,-0.00594242,0.983297
1.75104e+09,0.180633,-0.00046075,0.999112,0.16156,-0.00594242,0.983297
1.75104e+09,0.180633,-0.00046075,0.999112,0.16156,-0.00594242,0.983297
1.75104e+09,0.180633,-0.00046075,0.999112,0.16156,-0.00594242,0.983297
1.75104e+09,0.180633,-0.00046075,0.999112,0.16156,-0.00594242,0.983297
1.75104e+09,0.180633,-0.00046075,0.999112,0.16156,-0.00594242,0.983297
1.75104e+09,0.180633,-0.00046075,0.999112,0.16156,-0.00594242,0.983297
1.75104e+09,0.180633,-0.00046075,0.999112,0.16156,-0.00594242,0.983297
1.75104e+09,0.224067,-0.00176904,0.98949,0.16156,-0.00594242,0.983297
1.75104e+09,0.224067,-0.00176904,0.98949,0.16156,-0.00594242,0.983297
1.75104e+09,0.224067,-0.00176904,0.98949,0.166943,-0.00727408,0.977966
1.75104e+09,0.224067,-0.00176904,0.98949,0.166943,-0.00727408,0.977966
1.75104e+09,0.224067,-0.00176904,0.98949,0.166943,-0.00727408,0.977966
1.75104e+09,0.224067,-0.00176904,0.98949,0.166943,-0.00727408,0.977966
1.75104e+09,0.224067,-0.00176904,0.98949,0.166943,-0.00727408,0.977966
1.75104e+09,0.224067,-0.00176904,0.98949,0.166943,-0.00727408,0.977966
1.75104e+09,0.224067,-0.00176904,0.98949,0.166943,-0.00727408,0.977966
1.75104e+09,0.224067,-0.00176904,0.98949,0.166943,-0.00727408,0.977966
1.75104e+09,0.224067,-0.00176904,0.98949,0.166943,-0.00727408,0.977966
1.75104e+09,0.235088,0.000521104,0.985175,0.166943,-0.00727408,0.977966
1.75104e+09,0.235088,0.000521104,0.985175,0.172321,-0.00854609,0.972675
1.75104e+09,0.235088,0.000521104,0.985175,0.172321,-0.00854609,0.972675
1.75104e+09,0.235088,0.000521104,0.985175,0.172321,-0.00854609,0.972675
1.75104e+09,0.235088,0.000521104,0.985175,0.172321,-0.00854609,0.972675
1.75104e+09,0.235088,0.000521104,0.985175,0.172321,-0.00854609,0.972675
1.75104e+09,0.235088,0.000521104,0.985175,0.172321,-0.00854609,0.972675
1.75104e+09,0.235088,0.000521104,0.985175,0.172321,-0.00854609,0.972675
1.75104e+09,0.235088,0.000521104,0.985175,0.172321,-0.00854609,0.972675
1.75104e+09,0.216041,0.00931662,0.988552,0.172321,-0.00854609,0.972675
1.75104e+09,0.216041,0.00931662,0.988552,0.172321,-0.00854609,0.972675
1.75104e+09,0.216041,0.00931662,0.988552,0.177692,-0.00975943,0.967422
1.75104e+09,0.216041,0.00931662,0.988552,0.177692,-0.00975943,0.967422
1.75104e+09,0.216041,0.00931662,0.988552,0.177692,-0.00975943,0.967422
1.75104e+09,0.216041,0.00931662,0.988552,0.177692,-0.00975943,0.967422
1.75104e+09,0.216041,0.00931662,0.988552,0.177692,-0.00975943,0.967422
1.75104e+09,0.216041,0.00931662,0.988552,0.177692,-0.00975943,0.967422
1.75104e+09,0.216041,0.00931662,0.988552,0.177692,-0.00975943,0.967422
1.75104e+09,0.216041,0.00931662,0.988552,0.177692,-0.00975943,0.967422
1.75104e+09,0.216041,0.00931662,0.988552,0.177692,-0.00975943,0.967422
1.75104e+09,0.216041,0.00931662,0.988552,0.177692,-0.00975943,0.967422
1.75104e+09,0.182797,0.00190033,0.995216,0.183056,-0.0109151,0.962209
1.75104e+09,0.182797,0.00190033,0.995216,0.183056,-0.0109151,0.962209
1.75104e+09,0.182797,0.00190033,0.995216,0.183056,-0.0109151,0.962209
1.75104e+09,0.182797,0.00190033,0.995216,0.183056,-0.0109151,0.962209
1.75104e+09,0.182797,0.00190033,0.995216,0.183056,-0.0109151,0.962209
1.75104e+09,0.182797,0.00190033,0.995216,0.183056,-0.0109151,0.962209
1.75104e+09,0.182797,0.00190033,0.995216,0.183056,-0.0109151,0.962209
1.75104e+09,0.182797,0.00190033,0.995216,0.183056,-0.0109151,0.962209
1.75104e+09,0.182797,0.00190033,0.995216,0.183056,-0.0109151,0.962209
1.75104e+09,0.182797,0.00190033,0.995216,0.183056,-0.0109151,0.962209
1.75104e+09,0.182797,0.00190033,0.995216,0.188412,-0.012014,0.957036
1.75104e+09,0.142243,-0.00284214,1.00021,0.188412,-0.012014,0.957036
1.75104e+09,0.142243,-0.00284214,1.00021,0.188412,-0.012014,0.957036
1.75104e+09,0.142243,-0.00284214,1.00021,0.188412,-0.012014,0.957036
1.75104e+09,0.142243,-0.00284214,1.00021,0.188412,-0.012014,0.957036
1.75104e+09,0.142243,-0.00284214,1.00021,0.188412,-0.012014,0.957036
1.75104e+09,0.142243,-0.00284214,1.00021,0.188412,-0.012014,0.957036
1.75104e+09,0.142243,-0.00284214,1.00021,0.188412,-0.012014,0.957036
1.75104e+09,0.142243,-0.00284214,1.00021,0.188412,-0.012014,0.957036
1.75104e+09,0.142243,-0.00284214,1.00021,0.188412,-0.012014,0.957036
1.75104e+09,0.142243,-0.00284214,1.00021,0.193758,-0.0130571,0.951903
1.75104e+09,0.142243,-0.00284214,1.00021,0.193758,-0.0130571,0.951903
1.75104e+09,0.0865422,-0.00610202,1.02054,0.193758,-0.0130571,0.951903
1.75104e+09,0.0865422,-0.00610202,1.02054,0.193758,-0.0130571,0.951903
1.75104e+09,0.0865422,-0.00610202,1.02054,0.193758,-0.0130571,0.951903
1.75104e+09,0.0865422,-0.00610202,1.02054,0.193758,-0.0130571,0.951903
1.75104e+09,0.0865422,-0.00610202,1.02054,0.193758,-0.0130571,0.951903
1.75104e+09,0.0865422,-0.00610202,1.02054,0.193758,-0.0130571,0.951903
1.75104e+09,0.0865422,-0.00610202,1.02054,0.193758,-0.0130571,0.951903
1.75104e+09,0.0865422,-0.00610202,1.02054,0.193758,-0.0130571,0.951903
1.75104e+09,0.0865422,-0.00610202,1.02054,0.199094,-0.0140454,0.946811
1.75104e+09,0.0865422,-0.00610202,1.02054,0.199094,-0.0140454,0.946811
1.75104e+09,0.113134,-0.00443644,1.02044,0.199094,-0.0140454,0.946811
1.75104e+09,0.113134,-0.00443644,1.02044,0.199094,-0.0140454,0.946811
1.75104e+09,0.113134,-0.00443644,1.02044,0.199094,-0.0140454,0.946811
1.75104e+09,0.113134,-0.00443644,1.02044,0.199094,-0.0140454,0.946811
1.75104e+09,0.113134,-0.00443644,1.02044,0.199094,-0.0140454,0.946811
1.75104e+09,0.113134,-0.00443644,1.02044,0.199094,-0.0140454,0.946811
1.75104e+09,0.113134,-0.00443644,1.02044,0.199094,-0.0140454,0.946811
1.75104e+09,0.113134,-0.00443644,1.02044,0.199094,-0.0140454,0.946811
1.75104e+09,0.113134,-0.00443644,1.02044,0.204418,-0.0149798,0.94176
1.75104e+09,0.113134,-0.00443644,1.02044,0.204418,-0.0149798,0.94176
1.75104e+09,0.113134,-0.00443644,1.02044,0.204418,-0.0149798,0.94176
1.75104e+09,0.147879,-0.00341913,1.01855,0.204418,-0.0149798,0.94176
1.75104e+09,0.147879,-0.00341913,1.01855,0.204418,-0.0149798,0.94176
1.75104e+09,0.147879,-0.00341913,1.01855,0.204418,-0.0149798,0.94176
1.75104e+09,0.147879,-0.00341913,1.01855,0.204418,-0.0149798,0.94176
1.75104e+09,0.147879,-0.00341913,1.01855,0.204418,-0.0149798,0.94176
1.75104e+09,0.147879,-0.00341913,1.01855,0.204418,-0.0149798,0.94176
1.75104e+09,0.147879,-0.00341913,1.01855,0.20973,-0.0158614,0.93675
1.75104e+09,0.147879,-0.00341913,1.01855,0.20973,-0.0158614,0.93675
1.75104e+09,0.147879,-0.00341913,1.01855,0.20973,-0.0158614,0.93675
1.75104e+09,0.147879,-0.00341913,1.01855,0.20973,-0.0158614,0.93675
1.75104e+09,0.147879,-0.00341913,1.01855,0.20973,-0.0158614,0.93675
1.75104e+09,0.193672,-0.0209174,1.00974,0.20973,-0.0158614,0.93675
1.75104e+09,0.193672,-0.0209174,1.00974,0.20973,-0.0158614,0.93675
1.75104e+09,0.193672,-0.0209174,1.00974,0.20973,-0.0158614,0.93675
1.75104e+09,0.193672,-0.0209174,1.00974,0.20973,-0.0158614,0.93675
1.75104e+09,0.193672,-0.0209174,1.00974,0.20973,-0.0158614,0.93675
1.75104e+09,0.193672,-0.0209174,1.00974,0.215027,-0.0166911,0.931782
1.75104e+09,0.193672,-0.0209174,1.00974,0.215027,-0.0166911,0.931782
1.75104e+09,0.193672,-0.0209174,1.00974,0.215027,-0.0166911,0.931782
1.75104e+09,0.193672,-0.0209174,1.00974,0.215027,-0.0166911,0.931782
1.75104e+09,0.193672,-0.0209174,1.00974,0.215027,-0.0166911,0.931782
1.75104e+09,0.193672,-0.0209174,1.00974,0.215027,-0.0166911,0.931782
1.75104e+09,0.258829,-0.0559876,0.979592,0.215027,-0.0166911,0.931782
1.75104e+09,0.258829,-0.0559876,0.979592,0.215027,-0.0166911,0.931782
1.75104e+09,0.258829,-0.0559876,0.979592,0.215027,-0.0166911,0.931782
1.75104e+09,0.258829,-0.0559876,0.979592,0.215027,-0.0166911,0.931782
1.75104e+09,0.258829,-0.0559876,0.979592,0.22031,-0.0174699,0.926856
1.75104e+09,0.258829,-0.0559876,0.979592,0.22031,-0.0174699,0.926856
1.75104e+09,0.258829,-0.0559876,0.979592,0.22031,-0.0174699,0.926856
1.75104e+09,0.258829,-0.0559876,0.979592,0.22031,-0.0174699,0.926856
1.75104e+09,0.258829,-0.0559876,0.979592,0.22031,-0.0174699,0.926856
1.75104e+09,0.258829,-0.0559876,0.979592,0.22031,-0.0174699,0.926856
1.75104e+09,0.29635,-0.0785164,0.95281,0.22031,-0.0174699,0.926856
1.75104e+09,0.29635,-0.0785164,0.95281,0.22031,-0.0174699,0.926856
1.75104e+09,0.29635,-0.0785164,0.95281,0.22031,-0.0174699,0.926856
1.75104e+09,0.29635,-0.0785164,0.95281,0.22031,-0.0174699,0.926856
1.75104e+09,0.29635,-0.0785164,0.95281,0.225577,-0.0181986,0.921972
1.75104e+09,0.29635,-0.0785164,0.95281,0.225577,-0.0181986,0.921972
1.75104e+09,0.29635,-0.0785164,0.95281,0.225577,-0.0181986,0.921972
1.75104e+09,0.29635,-0.0785164,0.95281,0.225577,-0.0181986,0.921972
1.75104e+09,0.29635,-0.0785164,0.95281,0.225577,-0.0181986,0.921972
1.75104e+09,0.29635,-0.0785164,0.95281,0.225577,-0.0181986,0.921972
1.75104e+09,0.29635,-0.0785164,0.95281,0.225577,-0.0181986,0.921972
1.75104e+09,0.310126,-0.0520227,0.942307,0.225577,-0.0181986,0.921972
1.75104e+09,0.310126,-0.0520227,0.942307,0.225577,-0.0181986,0.921972
1.75104e+09,0.310126,-0.0520227,0.942307,0.225577,-0.0181986,0.921972
1.75104e+09,0.310126,-0.0520227,0.942307,0.230826,-0.0188784,0.917131
1.75104e+09,0.310126,-0.0520227,0.942307,0.230826,-0.0188784,0.917131
1.75104e+09,0.310126,-0.0520227,0.942307,0.230826,-0.0188784,0.917131
1.75104e+09,0.310126,-0.0520227,0.942307,0.230826,-0.0188784,0.917131
1.75104e+09,0.310126,-0.0520227,0.942307,0.230826,-0.0188784,0.917131
1.75104e+09,0.310126,-0.0520227,0.942307,0.230826,-0.0188784,0.917131
1.75104e+09,0.310126,-0.0520227,0.942307,0.230826,-0.0188784,0.917131
1.75104e+09,0.310126,-0.0520227,0.942307,0.230826,-0.0188784,0.917131
1.75104e+09,0.248799,-0.000794621,0.974535,0.230826,-0.0188784,0.917131
1.75104e+09,0.248799,-0.000794621,0.974535,0.230826,-0.0188784,0.917131
1.75104e+09,0.248799,-0.000794621,0.974535,0.236058,-0.0195102,0.912334
1.75104e+09,0.248799,-0.000794621,0.974535,0.236058,-0.0195102,0.912334
1.75104e+09,0.248799,-0.000794621,0.974535,0.236058,-0.0195102,0.912334
1.75104e+09,0.248799,-0.000794621,0.974535,0.236058,-0.0195102,0.912334
1.75104e+09,0.248799,-0.000794621,0.974535,0.236058,-0.0195102,0.912334
1.75104e+09,0.248799,-0.000794621,0.974535,0.236058,-0.0195102,0.912334
1.75104e+09,0.248799,-0.000794621,0.974535,0.236058,-0.0195102,0.912334
1.75104e+09,0.248799,-0.000794621,0.974535,0.236058,-0.0195102,0.912334
1.75104e+09,0.248799,-0.000794621,0.974535,0.236058,-0.0195102,0.912334
1.75104e+09,0.218723,0.0275823,0.986666,0.236058,-0.0195102,0.912334
1.75104e+09,0.218723,0.0275823,0.986666,0.24127,-0.0200948,0.90758
1.75104e+09,0.218723,0.0275823,0.986666,0.24127,-0.0200948,0.90758
1.75104e+09,0.218723,0.0275823,0.986666,0.24127,-0.0200948,0.90758
1.75104e+09,0.218723,0.0275823,0.986666,0.24127,-0.0200948,0.90758
1.75104e+09,0.218723,0.0275823,0.986666,0.24127,-0.0200948,0.90758
1.75104e+09,0.218723,0.0275823,0.986666,0.24127,-0.0200948,0.90758
1.75104e+09,0.218723,0.0275823,0.986666,0.24127,-0.0200948,0.90758
1.75104e+09,0.218723,0.0275823,0.986666,0.24127,-0.0200948,0.90758
1.75104e+09,0.218723,0.0275823,0.986666,0.24127,-0.0200948,0.90758
1.75104e+09,0.223931,0.0301797,0.989196,0.24127,-0.0200948,0.90758
1.75104e+09,0.223931,0.0301797,0.989196,0.246462,-0.0206334,0.902869
1.75104e+09,0.223931,0.0301797,0.989196,0.246462,-0.0206334,0.902869
1.75104e+09,0.223931,0.0301797,0.989196,0.246462,-0.0206334,0.902869
1.75104e+09,0.223931,0.0301797,0.989196,0.246462,-0.0206334,0.902869
1.75104e+09,0.223931,0.0301797,0.989196,0.246462,-0.0206334,0.902869
1.75104e+09,0.223931,0.0301797,0.989196,0.246462,-0.0206334,0.902869
1.75104e+09,0.223931,0.0301797,0.989196,0.246462,-0.0206334,0.902869
1.75104e+09,0.223931,0.0301797,0.989196,0.246462,-0.0206334,0.902869
1.75104e+09,0.223931,0.0301797,0.989196,0.246462,-0.0206334,0.902869
1.75104e+09,0.223931,0.0301797,0.989196,0.246462,-0.0206334,0.902869
1.75104e+09,0.202486,0.00979561,1.00508,0.251633,-0.0211268,0.898203
1.75104e+09,0.202486,0.00979561,1.00508,0.251633,-0.0211268,0.898203
1.75104e+09,0.202486,0.00979561,1.00508,0.251633,-0.0211268,0.898203
1.75104e+09,0.202486,0.00979561,1.00508,0.251633,-0.0211268,0.898203
1.75104e+09,0.202486,0.00979561,1.00508,0.251633,-0.0211268,0.898203
1.75104e+09,0.202486,0.00979561,1.00508,0.251633,-0.0211268,0.898203
1.75104e+09,0.202486,0.00979561,1.00508,0.251633,-0.0211268,0.898203
1.75104e+09,0.202486,0.00979561,1.00508,0.251633,-0.0211268,0.898203
1.75104e+09,0.202486,0.00979561,1.00508,0.251633,-0.0211268,0.898203
1.75104e+09,0.202486,0.00979561,1.00508,0.251633,-0.0211268,0.898203
1.75104e+09,0.202486,0.00979561,1.00508,0.256781,-0.0215761,0.893582
1.75104e+09,0.202486,0.00979561,1.00508,0.256781,-0.0215761,0.893582
1.75104e+09,0.199374,-0.0128297,1.01178,0.256781,-0.0215761,0.893582
1.75104e+09,0.199374,-0.0128297,1.01178,0.256781,-0.0215761,0.893582
1.75104e+09,0.199374,-0.0128297,1.01178,0.256781,-0.0215761,0.893582
1.75104e+09,0.199374,-0.0128297,1.01178,0.256781,-0.0215761,0.893582
1.75104e+09,0.199374,-0.0128297,1.01178,0.256781,-0.0215761,0.893582
1.75104e+09,0.199374,-0.0128297,1.01178,0.256781,-0.0215761,0.893582
1.75104e+09,0.199374,-0.0128297,1.01178,0.256781,-0.0215761,0.893582
1.75104e+09,0.199374,-0.0128297,1.01178,0.261906,-0.0219821,0.889005
1.75104e+09,0.199374,-0.0128297,1.01178,0.261906,-0.0219821,0.889005
1.75104e+09,0.199374,-0.0128297,1.01178,0.261906,-0.0219821,0.889005
1.75104e+09,0.199374,-0.0128297,1.01178,0.261906,-0.0219821,0.889005
1.75104e+09,0.197143,-0.0388473,1.01052,0.261906,-0.0219821,0.889005
1.75104e+09,0.197143,-0.0388473,1.01052,0.261906,-0.0219821,0.889005
1.75104e+09,0.197143,-0.0388473,1.01052,0.261906,-0.0219821,0.889005
1.75104e+09,0.197143,-0.0388473,1.01052,0.261906,-0.0219821,0.889005
1.75104e+09,0.197143,-0.0388473,1.01052,0.261906,-0.0219821,0.889005
1.75104e+09,0.197143,-0.0388473,1.01052,0.261906,-0.0219821,0.889005
1.75104e+09,0.197143,-0.0388473,1.01052,0.267006,-0.022346,0.884474
1.75104e+09,0.197143,-0.0388473,1.01052,0.267006,-0.022346,0.884474
1.75104e+09,0.197143,-0.0388473,1.01052,0.267006,-0.022346,0.884474
1.75104e+09,0.249165,-0.0446651,0.984646,0.267006,-0.022346,0.884474
1.75104e+09,0.249165,-0.0446651,0.984646,0.267006,-0.022346,0.884474
1.75104e+09,0.249165,-0.0446651,0.984646,0.267006,-0.022346,0.884474
1.75104e+09,0.249165,-0.0446651,0.984646,0.267006,-0.022346,0.884474
1.75104e+09,0.249165,-0.0446651,0.984646,0.267006,-0.022346,0.884474
1.75104e+09,0.249165,-0.0446651,0.984646,0.267006,-0.022346,0.884474
1.75104e+09,0.249165,-0.0446651,0.984646,0.267006,-0.022346,0.884474
1.75104e+09,0.249165,-0.0446651,0.984646,0.27208,-0.0226685,0.879988
1.75104e+09,0.249165,-0.0446651,0.984646,0.27208,-0.0226685,0.879988
1.75104e+09,0.249165,-0.0446651,0.984646,0.27208,-0.0226685,0.879988
1.75104e+09,0.249165,-0.0446651,0.984646,0.27208,-0.0226685,0.879988
1.75104e+09,0.242832,-0.0164775,0.976113,0.27208,-0.0226685,0.879988
1.75104e+09,0.242832,-0.0164775,0.976113,0.27208,-0.0226685,0.879988
1.75104e+09,0.242832,-0.0164775,0.976113,0.27208,-0.0226685,0.879988
1.75104e+09,0.242832,-0.0164775,0.976113,0.27208,-0.0226685,0.879988
1.75104e+09,0.242832,-0.0164775,0.976113,0.27208,-0.0226685,0.879988
1.75104e+09,0.242832,-0.0164775,0.976113,0.27208,-0.0226685,0.879988
1.75104e+09,0.242832,-0.0164775,0.976113,0.277128,-0.0229508,0.875549
1.75104e+09,0.242832,-0.0164775,0.976113,0.277128,-0.0229508,0.875549
1.75104e+09,0.242832,-0.0164775,0.976113,0.277128,-0.0229508,0.875549
1.75104e+09,0.242832,-0.0164775,0.976113,0.277128,-0.0229508,0.875549
1.75104e+09,0.242832,-0.0164775,0.976113,0.277128,-0.0229508,0.875549
1.75104e+09,0.242832,-0.0164775,0.976113,0.277128,-0.0229508,0.875549
1.75104e+09,0.294046,0.00497792,0.94347,0.277128,-0.0229508,0.875549
1.75104e+09,0.294046,0.00497792,0.94347,0.277128,-0.0229508,0.875549
1.75104e+09,0.294046,0.00497792,0.94347,0.277128,-0.0229508,0.875549
1.75104e+09,0.294046,0.00497792,0.94347,0.277128,-0.0229508,0.875549
1.75104e+09,0.294046,0.00497792,0.94347,0.282147,-0.0231937,0.871155
1.75104e+09,0.294046,0.00497792,0.94347,0.282147,-0.0231937,0.871155
1.75104e+09,0.294046,0.00497792,0.94347,0.282147,-0.0231937,0.871155
1.75104e+09,0.294046,0.00497792,0.94347,0.282147,-0.0231937,0.871155
1.75104e+09,0.294046,0.00497792,0.94347,0.282147,-0.0231937,0.871155
1.75104e+09,0.329935,0.0289013,0.911315,0.282147,-0.0231937,0.871155
1.75104e+09,0.329935,0.0289013,0.911315,0.282147,-0.0231937,0.871155
1.75104e+09,0.329935,0.0289013,0.911315,0.282147,-0.0231937,0.871155
1.75104e+09,0.329935,0.0289013,0.911315,0.282147,-0.0231937,0.871155
1.75104e+09,0.329935,0.0289013,0.911315,0.282147,-0.0231937,0.871155
1.75104e+09,0.329935,0.0289013,0.911315,0.287138,-0.0233983,0.866809
1.75104e+09,0.329935,0.0289013,0.911315,0.287138,-0.0233983,0.866809
1.75104e+09,0.329935,0.0289013,0.911315,0.287138,-0.0233983,0.866809
1.75104e+09,0.329935,0.0289013,0.911315,0.287138,-0.0233983,0.866809
1.75104e+09,0.329935,0.0289013,0.911315,0.287138,-0.0233983,0.866809
1.75104e+09,0.329935,0.0289013,0.911315,0.287138,-0.0233983,0.866809
1.75104e+09,0.345151,0.0203259,0.887696,0.287138,-0.0233983,0.866809
1.75104e+09,0.345151,0.0203259,0.887696,0.287138,-0.0233983,0.866809
1.75104e+09,0.345151,0.0203259,0.887696,0.287138,-0.0233983,0.866809
1.75104e+09,0.345151,0.0203259,0.887696,0.287138,-0.0233983,0.866809
1.75104e+09,0.345151,0.0203259,0.887696,0.292099,-0.0235654,0.86251
1.75104e+09,0.345151,0.0203259,0.887696,0.292099,-0.0235654,0.86251
1.75104e+09,0.345151,0.0203259,0.887696,0.292099,-0.0235654,0.86251
1.75104e+09,0.345151,0.0203259,0.887696,0.292099,-0.0235654,0.86251
1.75104e+09,0.345151,0.0203259,0.887696,0.292099,-0.0235654,0.86251
1.75104e+09,0.345151,0.0203259,0.887696,0.292099,-0.0235654,0.86251
1.75104e+09,0.345151,0.0203259,0.887696,0.292099,-0.0235654,0.86251
1.75104e+09,0.345151,0.0203259,0.887696,0.292099,-0.0235654,0.86251
1.75104e+09,0.371602,-0.0203245,0.853664,0.292099,-0.0235654,0.86251
1.75104e+09,0.371602,-0.0203245,0.853664,0.292099,-0.0235654,0.86251
1.75104e+09,0.371602,-0.0203245,0.853664,0.297028,-0.0236962,0.858258
1.75104e+09,0.371602,-0.0203245,0.853664,0.297028,-0.0236962,0.858258
1.75104e+09,0.371602,-0.0203245,0.853664,0.297028,-0.0236962,0.858258
1.75104e+09,0.371602,-0.0203245,0.853664,0.297028,-0.0236962,0.858258
1.75104e+09,0.371602,-0.0203245,0.853664,0.297028,-0.0236962,0.858258
1.75104e+09,0.371602,-0.0203245,0.853664,0.297028,-0.0236962,0.858258
1.75104e+09,0.371602,-0.0203245,0.853664,0.297028,-0.0236962,0.858258
1.75104e+09,0.371602,-0.0203245,0.853664,0.297028,-0.0236962,0.858258
1.75104e+09,0.371602,-0.0203245,0.853664,0.297028,-0.0236962,0.858258
1.75104e+09,0.329525,-0.0676986,0.86572,0.297028,-0.0236962,0.858258
1.75104e+09,0.329525,-0.0676986,0.86572,0.301925,-0.0237914,0.854054
1.75104e+09,0.329525,-0.0676986,0.86572,0.301925,-0.0237914,0.854054
1.75104e+09,0.329525,-0.0676986,0.86572,0.301925,-0.0237914,0.854054
1.75104e+09,0.329525,-0.0676986,0.86572,0.301925,-0.0237914,0.854054
1.75104e+09,0.329525,-0.0676986,0.86572,0.301925,-0.0237914,0.854054
1.75104e+09,0.329525,-0.0676986,0.86572,0.301925,-0.0237914,0.854054
1.75104e+09,0.329525,-0.0676986,0.86572,0.301925,-0.0237914,0.854054
1.75104e+09,0.329525,-0.0676986,0.86572,0.301925,-0.0237914,0.854054
1.75104e+09,0.30542,-0.106298,0.866247,0.301925,-0.0237914,0.854054
1.75104e+09,0.30542,-0.106298,0.866247,0.301925,-0.0237914,0.854054
1.75104e+09,0.30542,-0.106298,0.866247,0.306789,-0.0238522,0.849898
1.75104e+09,0.30542,-0.106298,0.866247,0.306789,-0.0238522,0.849898
1.75104e+09,0.30542,-0.106298,0.866247,0.306789,-0.0238522,0.849898
1.75104e+09,0.30542,-0.106298,0.866247,0.306789,-0.0238522,0.849898
1.75104e+09,0.30542,-0.106298,0.866247,0.306789,-0.0238522,0.849898
1.75104e+09,0.30542,-0.106298,0.866247,0.306789,-0.0238522,0.849898
1.75104e+09,0.30542,-0.106298,0.866247,0.306789,-0.0238522,0.849898
1.75104e+09,0.30542,-0.106298,0.866247,0.306789,-0.0238522,0.849898
1.75104e+09,0.30542,-0.106298,0.866247,0.306789,-0.0238522,0.849898
1.75104e+09,0.30542,-0.106298,0.866247,0.311618,-0.0238794,0.84579
1.75104e+09,0.334199,-0.0975795,0.833306,0.311618,-0.0238794,0.84579
1.75104e+09,0.334199,-0.0975795,0.833306,0.311618,-0.0238794,0.84579
1.75104e+09,0.334199,-0.0975795,0.833306,0.311618,-0.0238794,0.84579
1.75104e+09,0.334199,-0.0975795,0.833306,0.311618,-0.0238794,0.84579
1.75104e+09,0.334199,-0.0975795,0.833306,0.311618,-0.0238794,0.84579
1.75104e+09,0.334199,-0.0975795,0.833306,0.311618,-0.0238794,0.84579
1.75104e+09,0.334199,-0.0975795,0.833306,0.311618,-0.0238794,0.84579
1.75104e+09,0.334199,-0.0975795,0.833306,0.311618,-0.0238794,0.84579
1.75104e+09,0.334199,-0.0975795,0.833306,0.311618,-0.0238794,0.84579
1.75104e+09,0.334199,-0.0975795,0.833306,0.316412,-0.0238741,0.841732
1.75104e+09,0.334199,-0.0975795,0.833306,0.316412,-0.0238741,0.841732
1.75104e+09,0.365204,-0.0983935,0.805853,0.316412,-0.0238741,0.841732
1.75104e+09,0.365204,-0.0983935,0.805853,0.316412,-0.0238741,0.841732
1.75104e+09,0.365204,-0.0983935,0.805853,0.316412,-0.0238741,0.841732
1.75104e+09,0.365204,-0.0983935,0.805853,0.316412,-0.0238741,0.841732
1.75104e+09,0.365204,-0.0983935,0.805853,0.316412,-0.0238741,0.841732
1.75104e+09,0.365204,-0.0983935,0.805853,0.316412,-0.0238741,0.841732
1.75104e+09,0.365204,-0.0983935,0.805853,0.316412,-0.0238741,0.841732
1.75104e+09,0.365204,-0.0983935,0.805853,0.316412,-0.0238741,0.841732
1.75104e+09,0.365204,-0.0983935,0.805853,0.32117,-0.0238372,0.837723
1.75104e+09,0.350492,-0.0782364,0.821641,0.32117,-0.0238372,0.837723
1.75104e+09,0.350492,-0.0782364,0.821641,0.32117,-0.0238372,0.837723
1.75104e+09,0.350492,-0.0782364,0.821641,0.32117,-0.0238372,0.837723
1.75104e+09,0.350492,-0.0782364,0.821641,0.32117,-0.0238372,0.837723
1.75104e+09,0.350492,-0.0782364,0.821641,0.32117,-0.0238372,0.837723
1.75104e+09,0.350492,-0.0782364,0.821641,0.32117,-0.0238372,0.837723
1.75104e+09,0.350492,-0.0782364,0.821641,0.32117,-0.0238372,0.837723
1.75104e+09,0.350492,-0.0782364,0.821641,0.32117,-0.0238372,0.837723
1.75104e+09,0.350492,-0.0782364,0.821641,0.32117,-0.0238372,0.837723
1.75104e+09,0.350492,-0.0782364,0.821641,0.32589,-0.0237697,0.833763
1.75104e+09,0.350492,-0.0782364,0.821641,0.32589,-0.0237697,0.833763
1.75104e+09,0.350492,-0.0782364,0.821641,0.32589,-0.0237697,0.833763
1.75104e+09,0.344032,-0.0171146,0.825748,0.32589,-0.0237697,0.833763
1.75104e+09,0.344032,-0.0171146,0.825748,0.32589,-0.0237697,0.833763
1.75104e+09,0.344032,-0.0171146,0.825748,0.32589,-0.0237697,0.833763
1.75104e+09,0.344032,-0.0171146,0.825748,0.32589,-0.0237697,0.833763
1.75104e+09,0.344032,-0.0171146,0.825748,0.32589,-0.0237697,0.833763
1.75104e+09,0.344032,-0.0171146,0.825748,0.32589,-0.0237697,0.833763
1.75104e+09,0.344032,-0.0171146,0.825748,0.32589,-0.0237697,0.833763
1.75104e+09,0.344032,-0.0171146,0.825748,0.330571,-0.0236725,0.829853
1.75104e+09,0.344032,-0.0171146,0.825748,0.330571,-0.0236725,0.829853
1.75104e+09,0.344032,-0.0171146,0.825748,0.330571,-0.0236725,0.829853
1.75104e+09,0.344032,-0.0171146,0.825748,0.330571,-0.0236725,0.829853
1.75104e+09,0.310549,0.0259295,0.830845,0.330571,-0.0236725,0.829853
1.75104e+09,0.310549,0.0259295,0.830845,0.330571,-0.0236725,0.829853
1.75104e+09,0.310549,0.0259295,0.830845,0.330571,-0.0236725,0.829853
1.75104e+09,0.310549,0.0259295,0.830845,0.330571,-0.0236725,0.829853
1.75104e+09,0.310549,0.0259295,0.830845,0.330571,-0.0236725,0.829853
1.75104e+09,0.310549,0.0259295,0.830845,0.330571,-0.0236725,0.829853
1.75104e+09,0.310549,0.0259295,0.830845,0.335212,-0.0235466,0.825994
1.75104e+09,0.310549,0.0259295,0.830845,0.335212,-0.0235466,0.825994
1.75104e+09,0.310549,0.0259295,0.830845,0.335212,-0.0235466,0.825994
1.75104e+09,0.310549,0.0259295,0.830845,0.335212,-0.0235466,0.825994
1.75104e+09,0.310549,0.0259295,0.830845,0.335212,-0.0235466,0.825994
1.75104e+09,0.324288,0.0195839,0.808227,0.335212,-0.0235466,0.825994
1.75104e+09,0.324288,0.0195839,0.808227,0.335212,-0.0235466,0.825994
1.75104e+09,0.324288,0.0195839,0.808227,0.335212,-0.0235466,0.825994
1.75104e+09,0.324288,0.0195839,0.808227,0.335212,-0.0235466,0.825994
1.75104e+09,0.324288,0.0195839,0.808227,0.335212,-0.0235466,0.825994
1.75104e+09,0.324288,0.0195839,0.808227,0.339812,-0.0233929,0.822185
1.75104e+09,0.324288,0.0195839,0.808227,0.339812,-0.0233929,0.822185
1.75104e+09,0.324288,0.0195839,0.808227,0.339812,-0.0233929,0.822185
1.75104e+09,0.324288,0.0195839,0.808227,0.339812,-0.0233929,0.822185
1.75104e+09,0.324288,0.0195839,0.808227,0.339812,-0.0233929,0.822185
1.75104e+09,0.353191,-0.0197703,0.778231,0.339812,-0.0233929,0.822185
1.75104e+09,0.353191,-0.0197703,0.778231,0.339812,-0.0233929,0.822185
1.75104e+09,0.353191,-0.0197703,0.778231,0.339812,-0.0233929,0.822185
1.75104e+09,0.353191,-0.0197703,0.778231,0.339812,-0.0233929,0.822185
1.75104e+09,0.353191,-0.0197703,0.778231,0.339812,-0.0233929,0.822185
1.75104e+09,0.353191,-0.0197703,0.778231,0.34437,-0.0232126,0.818428
1.75104e+09,0.353191,-0.0197703,0.778231,0.34437,-0.0232126,0.818428
1.75104e+09,0.353191,-0.0197703,0.778231,0.34437,-0.0232126,0.818428
1.75104e+09,0.353191,-0.0197703,0.778231,0.34437,-0.0232126,0.818428
1.75104e+09,0.353191,-0.0197703,0.778231,0.34437,-0.0232126,0.818428
1.75104e+09,0.353191,-0.0197703,0.778231,0.34437,-0.0232126,0.818428
1.75104e+09,0.346622,-0.133129,0.777692,0.34437,-0.0232126,0.818428
1.75104e+09,0.346622,-0.133129,0.777692,0.34437,-0.0232126,0.818428
1.75104e+09,0.346622,-0.133129,0.777692,0.34437,-0.0232126,0.818428
1.75104e+09,0.346622,-0.133129,0.777692,0.34437,-0.0232126,0.818428
1.75104e+09,0.346622,-0.133129,0.777692,0.348885,-0.0230064,0.814722
1.75104e+09,0.346622,-0.133129,0.777692,0.348885,-0.0230064,0.814722
1.75104e+09,0.346622,-0.133129,0.777692,0.348885,-0.0230064,0.814722
1.75104e+09,0.346622,-0.133129,0.777692,0.348885,-0.0230064,0.814722
1.75104e+09,0.346622,-0.133129,0.777692,0.348885,-0.0230064,0.814722
1.75104e+09,0.346622,-0.133129,0.777692,0.348885,-0.0230064,0.814722
1.75104e+09,0.346622,-0.133129,0.777692,0.348885,-0.0230064,0.814722
1.75104e+09,0.370592,-0.143352,0.75364,0.348885,-0.0230064,0.814722
1.75104e+09,0.370592,-0.143352,0.75364,0.348885,-0.0230064,0.814722
1.75104e+09,0.370592,-0.143352,0.75364,0.348885,-0.0230064,0.814722
1.75104e+09,0.370592,-0.143352,0.75364,0.353356,-0.0227754,0.811067
1.75104e+09,0.370592,-0.143352,0.75364,0.353356,-0.0227754,0.811067
1.75104e+09,0.370592,-0.143352,0.75364,0.353356,-0.0227754,0.811067
1.75104e+09,0.370592,-0.143352,0.75364,0.353356,-0.0227754,0.811067
1.75104e+09,0.370592,-0.143352,0.75364,0.353356,-0.0227754,0.811067
1.75104e+09,0.370592,-0.143352,0.75364,0.353356,-0.0227754,0.811067
1.75104e+09,0.370592,-0.143352,0.75364,0.353356,-0.0227754,0.811067
1.75104e+09,0.370592,-0.143352,0.75364,0.353356,-0.0227754,0.811067
1.75104e+09,0.367153,-0.136002,0.763514,0.353356,-0.0227754,0.811067
1.75104e+09,0.367153,-0.136002,0.763514,0.357782,-0.0225205,0.807465
1.75104e+09,0.367153,-0.136002,0.763514,0.357782,-0.0225205,0.807465
1.75104e+09,0.367153,-0.136002,0.763514,0.357782,-0.0225205,0.807465
1.75104e+09,0.367153,-0.136002,0.763514,0.357782,-0.0225205,0.807465
1.75104e+09,0.367153,-0.136002,0.763514,0.357782,-0.0225205,0.807465
1.75104e+09,0.367153,-0.136002,0.763514,0.357782,-0.0225205,0.807465
1.75104e+09,0.367153,-0.136002,0.763514,0.357782,-0.0225205,0.807465
1.75104e+09,0.367153,-0.136002,0.763514,0.357782,-0.0225205,0.807465
1.75104e+09,0.367153,-0.136002,0.763514,0.357782,-0.0225205,0.807465
1.75104e+09,0.346434,-0.11794,0.7771,0.357782,-0.0225205,0.807465
1.75104e+09,0.346434,-0.11794,0.7771,0.362162,-0.0222428,0.803915
1.75104e+09,0.346434,-0.11794,0.7771,0.362162,-0.0222428,0.803915
1.75104e+09,0.346434,-0.11794,0.7771,0.362162,-0.0222428,0.803915
1.75104e+09,0.346434,-0.11794,0.7771,0.362162,-0.0222428,0.803915
1.75104e+09,0.346434,-0.11794,0.7771,0.362162,-0.0222428,0.803915
1.75104e+09,0.346434,-0.11794,0.7771,0.362162,-0.0222428,0.803915
1.75104e+09,0.346434,-0.11794,0.7771,0.362162,-0.0222428,0.803915
1.75104e+09,0.346434,-0.11794,0.7771,0.362162,-0.0222428,0.803915
1.75104e+09,0.346434,-0.11794,0.7771,0.362162,-0.0222428,0.803915
1.75104e+09,0.346434,-0.11794,0.7771,0.362162,-0.0222428,0.803915
1.75104e+09,0.330785,-0.0803324,0.778484,0.366494,-0.0219431,0.800419
1.75104e+09,0.330785,-0.0803324,0.778484,0.366494,-0.0219431,0.800419
1.75104e+09,0.330785,-0.0803324,0.778484,0.366494,-0.0219431,0.800419
1.75104e+09,0.330785,-0.0803324,0.778484,0.366494,-0.0219431,0.800419
1.75104e+09,0.330785,-0.0803324,0.778484,0.366494,-0.0219431,0.800419
1.75104e+09,0.330785,-0.0803324,0.778484,0.366494,-0.0219431,0.800419
1.75104e+09,0.330785,-0.0803324,0.778484,0.366494,-0.0219431,0.800419
1.75104e+09,0.330785,-0.0803324,0.778484,0.366494,-0.0219431,0.800419
1.75104e+09,0.330785,-0.0803324,0.778484,0.366494,-0.0219431,0.800419
1.75104e+09,0.330785,-0.0803324,0.778484,0.366494,-0.0219431,0.800419
1.75104e+09,0.330785,-0.0803324,0.778484,0.370777,-0.0216225,0.796975
1.75104e+09,0.331941,-0.0326094,0.775098,0.370777,-0.0216225,0.796975
1.75104e+09,0.331941,-0.0326094,0.775098,0.370777,-0.0216225,0.796975
1.75104e+09,0.331941,-0.0326094,0.775098,0.370777,-0.0216225,0.796975
1.75104e+09,0.331941,-0.0326094,0.775098,0.370777,-0.0216225,0.796975
1.75104e+09,0.331941,-0.0326094,0.775098,0.370777,-0.0216225,0.796975
1.75104e+09,0.331941,-0.0326094,0.775098,0.370777,-0.0216225,0.796975
1.75104e+09,0.331941,-0.0326094,0.775098,0.370777,-0.0216225,0.796975
1.75104e+09,0.331941,-0.0326094,0.775098,0.370777,-0.0216225,0.796975
1.75104e+09,0.331941,-0.0326094,0.775098,0.370777,-0.0216225,0.796975
1.75104e+09,0.331941,-0.0326094,0.775098,0.375011,-0.0212819,0.793585
1.75104e+09,0.331336,0.0339413,0.77259,0.375011,-0.0212819,0.793585
1.75104e+09,0.331336,0.0339413,0.77259,0.375011,-0.0212819,0.793585
1.75104e+09,0.331336,0.0339413,0.77259,0.375011,-0.0212819,0.793585
1.75104e+09,0.331336,0.0339413,0.77259,0.375011,-0.0212819,0.793585
1.75104e+09,0.331336,0.0339413,0.77259,0.375011,-0.0212819,0.793585
1.75104e+09,0.331336,0.0339413,0.77259,0.375011,-0.0212819,0.793585
1.75104e+09,0.331336,0.0339413,0.77259,0.375011,-0.0212819,0.793585
1.75104e+09,0.331336,0.0339413,0.77259,0.375011,-0.0212819,0.793585
1.75104e+09,0.331336,0.0339413,0.77259,0.375011,-0.0212819,0.793585
1.75104e+09,0.331336,0.0339413,0.77259,0.379195,-0.0209223,0.790249
1.75104e+09,0.331336,0.0339413,0.77259,0.379195,-0.0209223,0.790249
1.75104e+09,0.339641,0.0274294,0.777197,0.379195,-0.0209223,0.790249
1.75104e+09,0.339641,0.0274294,0.777197,0.379195,-0.0209223,0.790249
1.75104e+09,0.339641,0.0274294,0.777197,0.379195,-0.0209223,0.790249
1.75104e+09,0.339641,0.0274294,0.777197,0.379195,-0.0209223,0.790249
1.75104e+09,0.339641,0.0274294,0.777197,0.379195,-0.0209223,0.790249
1.75104e+09,0.339641,0.0274294,0.777197,0.379195,-0.0209223,0.790249
1.75104e+09,0.339641,0.0274294,0.777197,0.379195,-0.0209223,0.790249
1.75104e+09,0.339641,0.0274294,0.777197,0.379195,-0.0209223,0.790249
1.75104e+09,0.339641,0.0274294,0.777197,0.383326,-0.0205446,0.786967
1.75104e+09,0.339641,0.0274294,0.777197,0.383326,-0.0205446,0.786967
1.75104e+09,0.339641,0.0274294,0.777197,0.383326,-0.0205446,0.786967
1.75104e+09,0.331212,0.00315614,0.785971,0.383326,-0.0205446,0.786967
1.75104e+09,0.331212,0.00315614,0.785971,0.383326,-0.0205446,0.786967
1.75104e+09,0.331212,0.00315614,0.785971,0.383326,-0.0205446,0.786967
1.75104e+09,0.331212,0.00315614,0.785971,0.383326,-0.0205446,0.786967
1.75104e+09,0.331212,0.00315614,0.785971,0.383326,-0.0205446,0.786967
1.75104e+09,0.331212,0.00315614,0.785971,0.383326,-0.0205446,0.786967
1.75104e+09,0.331212,0.00315614,0.785971,0.383326,-0.0205446,0.786967
1.75104e+09,0.331212,0.00315614,0.785971,0.387405,-0.0201498,0.78374
1.75104e+09,0.331212,0.00315614,0.785971,0.387405,-0.0201498,0.78374
1.75104e+09,0.331212,0.00315614,0.785971,0.387405,-0.0201498,0.78374
1.75104e+09,0.331212,0.00315614,0.785971,0.387405,-0.0201498,0.78374
1.75104e+09,0.36994,-0.022076,0.746976,0.387405,-0.0201498,0.78374
1.75104e+09,0.36994,-0.022076,0.746976,0.387405,-0.0201498,0.78374
1.75104e+09,0.36994,-0.022076,0.746976,0.387405,-0.0201498,0.78374
1.75104e+09,0.36994,-0.022076,0.746976,0.387405,-0.0201498,0.78374
1.75104e+09,0.36994,-0.022076,0.746976,0.387405,-0.0201498,0.78374
1.75104e+09,0.36994,-0.022076,0.746976,0.387405,-0.0201498,0.78374
1.75104e+09,0.36994,-0.022076,0.746976,0.391429,-0.0197389,0.780567
1.75104e+09,0.36994,-0.022076,0.746976,0.391429,-0.0197389,0.780567
1.75104e+09,0.36994,-0.022076,0.746976,0.391429,-0.0197389,0.780567
1.75104e+09,0.36994,-0.022076,0.746976,0.391429,-0.0197389,0.780567
1.75104e+09,0.356339,-0.0176324,0.757603,0.391429,-0.0197389,0.780567
1.75104e+09,0.356339,-0.0176324,0.757603,0.391429,-0.0197389,0.780567
1.75104e+09,0.356339,-0.0176324,0.757603,0.391429,-0.0197389,0.780567
1.75104e+09,0.356339,-0.0176324,0.757603,0.391429,-0.0197389,0.780567
1.75104e+09,0.356339,-0.0176324,0.757603,0.391429,-0.0197389,0.780567
1.75104e+09,0.356339,-0.0176324,0.757603,0.391429,-0.0197389,0.780567
1.75104e+09,0.356339,-0.0176324,0.757603,0.395399,-0.0193129,0.77745
1.75104e+09,0.356339,-0.0176324,0.757603,0.395399,-0.0193129,0.77745
1.75104e+09,0.356339,-0.0176324,0.757603,0.395399,-0.0193129,0.77745
1.75104e+09,0.356339,-0.0176324,0.757603,0.395399,-0.0193129,0.77745
1.75104e+09,0.356339,-0.0176324,0.757603,0.395399,-0.0193129,0.77745
1.75104e+09,0.363486,0.0139576,0.756067,0.395399,-0.0193129,0.77745
1.75104e+09,0.363486,0.0139576,0.756067,0.395399,-0.0193129,0.77745
1.75104e+09,0.363486,0.0139576,0.756067,0.395399,-0.0193129,0.77745
1.75104e+09,0.363486,0.0139576,0.756067,0.395399,-0.0193129,0.77745
1.75104e+09,0.363486,0.0139576,0.756067,0.399313,-0.0188726,0.774389
1.75104e+09,0.363486,0.0139576,0.756067,0.399313,-0.0188726,0.774389
1.75104e+09,0.363486,0.0139576,0.756067,0.399313,-0.0188726,0.774389
1.75104e+09,0.363486,0.0139576,0.756067,0.399313,-0.0188726,0.774389
1.75104e+09,0.363486,0.0139576,0.756067,0.399313,-0.0188726,0.774389
1.75104e+09,0.363486,0.0139576,0.756067,0.399313,-0.0188726,0.774389
1.75104e+09,0.363486,0.0139576,0.756067,0.399313,-0.0188726,0.774389
1.75104e+09,0.370568,0.0113567,0.755602,0.399313,-0.0188726,0.774389
1.75104e+09,0.370568,0.0113567,0.755602,0.399313,-0.0188726,0.774389
1.75104e+09,0.370568,0.0113567,0.755602,0.399313,-0.0188726,0.774389
1.75104e+09,0.370568,0.0113567,0.755602,0.403169,-0.0184192,0.771384
1.75104e+09,0.370568,0.0113567,0.755602,0.403169,-0.0184192,0.771384
1.75104e+09,0.370568,0.0113567,0.755602,0.403169,-0.0184192,0.771384
1.75104e+09,0.370568,0.0113567,0.755602,0.403169,-0.0184192,0.771384
1.75104e+09,0.370568,0.0113567,0.755602,0.403169,-0.0184192,0.771384
1.75104e+09,0.370568,0.0113567,0.755602,0.403169,-0.0184192,0.771384
1.75104e+09,0.370568,0.0113567,0.755602,0.403169,-0.0184192,0.771384
1.75104e+09,0.370568,0.0113567,0.755602,0.403169,-0.0184192,0.771384
1.75104e+09,0.370568,0.0113567,0.755602,0.403169,-0.0184192,0.771384
1.75104e+09,0.357456,-0.0866221,0.752903,0.403169,-0.0184192,0.771384
1.75104e+09,0.357456,-0.0866221,0.752903,0.406968,-0.0179535,0.768436
1.75104e+09,0.357456,-0.0866221,0.752903,0.406968,-0.0179535,0.768436
1.75104e+09,0.357456,-0.0866221,0.752903,0.406968,-0.0179535,0.768436
1.75104e+09,0.357456,-0.0866221,0.752903,0.406968,-0.0179535,0.768436
1.75104e+09,0.357456,-0.0866221,0.752903,0.406968,-0.0179535,0.768436
1.75104e+09,0.357456,-0.0866221,0.752903,0.406968,-0.0179535,0.768436
1.75104e+09,0.357456,-0.0866221,0.752903,0.406968,-0.0179535,0.768436
1.75104e+09,0.357456,-0.0866221,0.752903,0.406968,-0.0179535,0.768436
1.75104e+09,0.354026,-0.11783,0.753363,0.406968,-0.0179535,0.768436
1.75104e+09,0.354026,-0.11783,0.753363,0.406968,-0.0179535,0.768436
1.75104e+09,0.354026,-0.11783,0.753363,0.410706,-0.0174765,0.765544
1.75104e+09,0.354026,-0.11783,0.753363,0.410706,-0.0174765,0.765544
1.75104e+09,0.354026,-0.11783,0.753363,0.410706,-0.0174765,0.765544
1.75104e+09,0.354026,-0.11783,0.753363,0.410706,-0.0174765,0.765544
1.75104e+09,0.354026,-0.11783,0.753363,0.410706,-0.0174765,0.765544
1.75104e+09,0.354026,-0.11783,0.753363,0.410706,-0.0174765,0.765544
1.75104e+09,0.354026,-0.11783,0.753363,0.410706,-0.0174765,0.765544
1.75104e+09,0.354026,-0.11783,0.753363,0.410706,-0.0174765,0.765544
1.75104e+09,0.354026,-0.11783,0.753363,0.410706,-0.0174765,0.765544
1.75104e+09,0.391444,-0.134839,0.712166,0.410706,-0.0174765,0.765544
1.75104e+09,0.391444,-0.134839,0.712166,0.414385,-0.0169892,0.762709
1.75104e+09,0.391444,-0.134839,0.712166,0.414385,-0.0169892,0.762709
1.75104e+09,0.391444,-0.134839,0.712166,0.414385,-0.0169892,0.762709
1.75104e+09,0.391444,-0.134839,0.712166,0.414385,-0.0169892,0.762709
1.75104e+09,0.391444,-0.134839,0.712166,0.414385,-0.0169892,0.762709
1.75104e+09,0.391444,-0.134839,0.712166,0.414385,-0.0169892,0.762709
1.75104e+09,0.391444,-0.134839,0.712166,0.414385,-0.0169892,0.762709
1.75104e+09,0.391444,-0.134839,0.712166,0.414385,-0.0169892,0.762709
1.75104e+09,0.391444,-0.134839,0.712166,0.414385,-0.0169892,0.762709
1.75104e+09,0.391444,-0.134839,0.712166,0.414385,-0.0169892,0.762709
1.75104e+09,0.391444,-0.134839,0.712166,0.418002,-0.0164925,0.759932
1.75104e+09,0.436311,-0.150185,0.640765,0.418002,-0.0164925,0.759932
1.75104e+09,0.436311,-0.150185,0.640765,0.418002,-0.0164925,0.759932
1.75104e+09,0.436311,-0.150185,0.640765,0.418002,-0.0164925,0.759932
1.75104e+09,0.436311,-0.150185,0.640765,0.418002,-0.0164925,0.759932
1.75104e+09,0.436311,-0.150185,0.640765,0.418002,-0.0164925,0.759932
1.75104e+09,0.436311,-0.150185,0.640765,0.418002,-0.0164925,0.759932
1.75104e+09,0.436311,-0.150185,0.640765,0.418002,-0.0164925,0.759932
1.75104e+09,0.436311,-0.150185,0.640765,0.418002,-0.0164925,0.759932
1.75104e+09,0.436311,-0.150185,0.640765,0.418002,-0.0164925,0.759932
1.75104e+09,0.436311,-0.150185,0.640765,0.421556,-0.0159875,0.757213
1.75104e+09,0.436311,-0.150185,0.640765,0.421556,-0.0159875,0.757213
1.75104e+09,0.432708,-0.117289,0.655973,0.421556,-0.0159875,0.757213
1.75104e+09,0.432708,-0.117289,0.655973,0.421556,-0.0159875,0.757213
1.75104e+09,0.432708,-0.117289,0.655973,0.421556,-0.0159875,0.757213
1.75104e+09,0.432708,-0.117289,0.655973,0.421556,-0.0159875,0.757213
1.75104e+09,0.432708,-0.117289,0.655973,0.421556,-0.0159875,0.757213
1.75104e+09,0.432708,-0.117289,0.655973,0.421556,-0.0159875,0.757213
1.75104e+09,0.432708,-0.117289,0.655973,0.421556,-0.0159875,0.757213
1.75104e+09,0.432708,-0.117289,0.655973,0.421556,-0.0159875,0.757213
1.75104e+09,0.432708,-0.117289,0.655973,0.425047,-0.015475,0.754552
1.75104e+09,0.438972,-0.0673616,0.668383,0.425047,-0.015475,0.754552
1.75104e+09,0.438972,-0.0673616,0.668383,0.425047,-0.015475,0.754552
1.75104e+09,0.438972,-0.0673616,0.668383,0.425047,-0.015475,0.754552
1.75104e+09,0.438972,-0.0673616,0.668383,0.425047,-0.015475,0.754552
1.75104e+09,0.438972,-0.0673616,0.668383,0.425047,-0.015475,0.754552
1.75104e+09,0.438972,-0.0673616,0.668383,0.425047,-0.015475,0.754552
1.75104e+09,0.438972,-0.0673616,0.668383,0.425047,-0.015475,0.754552
1.75104e+09,0.438972,-0.0673616,0.668383,0.425047,-0.015475,0.754552
1.75104e+09,0.438972,-0.0673616,0.668383,0.425047,-0.015475,0.754552
1.75104e+09,0.438972,-0.0673616,0.668383,0.428473,-0.0149561,0.75195
1.75104e+09,0.438972,-0.0673616,0.668383,0.428473,-0.0149561,0.75195
1.75104e+09,0.438972,-0.0673616,0.668383,0.428473,-0.0149561,0.75195
1.75104e+09,0.424143,0.0161611,0.677342,0.428473,-0.0149561,0.75195
1.75104e+09,0.424143,0.0161611,0.677342,0.428473,-0.0149561,0.75195
1.75104e+09,0.424143,0.0161611,0.677342,0.428473,-0.0149561,0.75195
1.75104e+09,0.424143,0.0161611,0.677342,0.428473,-0.0149561,0.75195
1.75104e+09,0.424143,0.0161611,0.677342,0.428473,-0.0149561,0.75195
1.75104e+09,0.424143,0.0161611,0.677342,0.428473,-0.0149561,0.75195
1.75104e+09,0.424143,0.0161611,0.677342,0.428473,-0.0149561,0.75195
1.75104e+09,0.424143,0.0161611,0.677342,0.431833,-0.0144318,0.749406
1.75104e+09,0.424143,0.0161611,0.677342,0.431833,-0.0144318,0.749406
1.75104e+09,0.424143,0.0161611,0.677342,0.431833,-0.0144318,0.749406
1.75104e+09,0.424143,0.0161611,0.677342,0.431833,-0.0144318,0.749406
1.75104e+09,0.432798,0.0241503,0.664433,0.431833,-0.0144318,0.749406
1.75104e+09,0.432798,0.0241503,0.664433,0.431833,-0.0144318,0.749406
1.75104e+09,0.432798,0.0241503,0.664433,0.431833,-0.0144318,0.749406
1.75104e+09,0.432798,0.0241503,0.664433,0.431833,-0.0144318,0.749406
1.75104e+09,0.432798,0.0241503,0.664433,0.431833,-0.0144318,0.749406
1.75104e+09,0.432798,0.0241503,0.664433,0.431833,-0.0144318,0.749406
1.75104e+09,0.432798,0.0241503,0.664433,0.435126,-0.0139029,0.746922
1.75104e+09,0.432798,0.0241503,0.664433,0.435126,-0.0139029,0.746922
1.75104e+09,0.432798,0.0241503,0.664433,0.435126,-0.0139029,0.746922
1.75104e+09,0.456276,0.000354403,0.647113,0.435126,-0.0139029,0.746922
1.75104e+09,0.456276,0.000354403,0.647113,0.435126,-0.0139029,0.746922
1.75104e+09,0.456276,0.000354403,0.647113,0.435126,-0.0139029,0.746922
1.75104e+09,0.456276,0.000354403,0.647113,0.435126,-0.0139029,0.746922
1.75104e+09,0.456276,0.000354403,0.647113,0.435126,-0.0139029,0.746922
1.75104e+09,0.456276,0.000354403,0.647113,0.435126,-0.0139029,0.746922
1.75104e+09,0.456276,0.000354403,0.647113,0.438351,-0.0133704,0.744498
1.75104e+09,0.456276,0.000354403,0.647113,0.438351,-0.0133704,0.744498
1.75104e+09,0.456276,0.000354403,0.647113,0.438351,-0.0133704,0.744498
1.75104e+09,0.456276,0.000354403,0.647113,0.438351,-0.0133704,0.744498
1.75104e+09,0.456276,0.000354403,0.647113,0.438351,-0.0133704,0.744498
1.75104e+09,0.456276,0.000354403,0.647113,0.438351,-0.0133704,0.744498
1.75104e+09,0.468996,-0.0337844,0.636119,0.438351,-0.0133704,0.744498
1.75104e+09,0.468996,-0.0337844,0.636119,0.438351,-0.0133704,0.744498
1.75104e+09,0.468996,-0.0337844,0.636119,0.438351,-0.0133704,0.744498
1.75104e+09,0.468996,-0.0337844,0.636119,0.438351,-0.0133704,0.744498
1.75104e+09,0.468996,-0.0337844,0.636119,0.441507,-0.0128354,0.742133
1.75104e+09,0.468996,-0.0337844,0.636119,0.441507,-0.0128354,0.742133
1.75104e+09,0.468996,-0.0337844,0.636119,0.441507,-0.0128354,0.742133
1.75104e+09,0.468996,-0.0337844,0.636119,0.441507,-0.0128354,0.742133
1.75104e+09,0.468996,-0.0337844,0.636119,0.441507,-0.0128354,0.742133
1.75104e+09,0.468996,-0.0337844,0.636119,0.441507,-0.0128354,0.742133
1.75104e+09,0.468996,-0.0337844,0.636119,0.441507,-0.0128354,0.742133
1.75104e+09,0.471961,-0.0705369,0.638416,0.441507,-0.0128354,0.742133
1.75104e+09,0.471961,-0.0705369,0.638416,0.441507,-0.0128354,0.742133
1.75104e+09,0.471961,-0.0705369,0.638416,0.441507,-0.0128354,0.742133
1.75104e+09,0.471961,-0.0705369,0.638416,0.444593,-0.0122988,0.739829
1.75104e+09,0.471961,-0.0705369,0.638416,0.444593,-0.0122988,0.739829
1.75104e+09,0.471961,-0.0705369,0.638416,0.444593,-0.0122988,0.739829
1.75104e+09,0.471961,-0.0705369,0.638416,0.444593,-0.0122988,0.739829
1.75104e+09,0.471961,-0.0705369,0.638416,0.444593,-0.0122988,0.739829
1.75104e+09,0.471961,-0.0705369,0.638416,0.444593,-0.0122988,0.739829
1.75104e+09,0.471961,-0.0705369,0.638416,0.444593,-0.0122988,0.739829
1.75104e+09,0.471961,-0.0705369,0.638416,0.444593,-0.0122988,0.739829
1.75104e+09,0.451192,-0.0899488,0.661184,0.444593,-0.0122988,0.739829
1.75104e+09,0.451192,-0.0899488,0.661184,0.444593,-0.0122988,0.739829
1.75104e+09,0.451192,-0.0899488,0.661184,0.447607,-0.0117615,0.737586
1.75104e+09,0.451192,-0.0899488,0.661184,0.447607,-0.0117615,0.737586
1.75104e+09,0.451192,-0.0899488,0.661184,0.447607,-0.0117615,0.737586
1.75104e+09,0.451192,-0.0899488,0.661184,0.447607,-0.0117615,0.737586
1.75104e+09,0.451192,-0.0899488,0.661184,0.447607,-0.0117615,0.737586
1.75104e+09,0.451192,-0.0899488,0.661184,0.447607,-0.0117615,0.737586
1.75104e+09,0.451192,-0.0899488,0.661184,0.447607,-0.0117615,0.737586
1.75104e+09,0.451192,-0.0899488,0.661184,0.447607,-0.0117615,0.737586
1.75104e+09,0.432772,-0.0666151,0.681121,0.447607,-0.0117615,0.737586
1.75104e+09,0.432772,-0.0666151,0.681121,0.447607,-0.0117615,0.737586
1.75104e+09,0.432772,-0.0666151,0.681121,0.450549,-0.0112246,0.735404
1.75104e+09,0.432772,-0.0666151,0.681121,0.450549,-0.0112246,0.735404
1.75104e+09,0.432772,-0.0666151,0.681121,0.450549,-0.0112246,0.735404
1.75104e+09,0.432772,-0.0666151,0.681121,0.450549,-0.0112246,0.735404
1.75104e+09,0.432772,-0.0666151,0.681121,0.450549,-0.0112246,0.735404
1.75104e+09,0.432772,-0.0666151,0.681121,0.450549,-0.0112246,0.735404
1.75104e+09,0.432772,-0.0666151,0.681121,0.450549,-0.0112246,0.735404
1.75104e+09,0.432772,-0.0666151,0.681121,0.450549,-0.0112246,0.735404
1.75104e+09,0.432772,-0.0666151,0.681121,0.450549,-0.0112246,0.735404
1.75104e+09,0.4221,-0.0286217,0.695497,0.450549,-0.0112246,0.735404
1.75104e+09,0.4221,-0.0286217,0.695497,0.453418,-0.0106889,0.733283
1.75104e+09,0.4221,-0.0286217,0.695497,0.453418,-0.0106889,0.733283
1.75104e+09,0.4221,-0.0286217,0.695497,0.453418,-0.0106889,0.733283
1.75104e+09,0.4221,-0.0286217,0.695497,0.453418,-0.0106889,0.733283
1.75104e+09,0.4221,-0.0286217,0.695497,0.453418,-0.0106889,0.733283
1.75104e+09,0.4221,-0.0286217,0.695497,0.453418,-0.0106889,0.733283
1.75104e+09,0.4221,-0.0286217,0.695497,0.453418,-0.0106889,0.733283
1.75104e+09,0.4221,-0.0286217,0.695497,0.453418,-0.0106889,0.733283
1.75104e+09,0.4221,-0.0286217,0.695497,0.453418,-0.0106889,0.733283
1.75104e+09,0.4221,-0.0286217,0.695497,0.453418,-0.0106889,0.733283
1.75104e+09,0.409987,0.0274782,0.707019,0.456212,-0.0101555,0.731225
1.75104e+09,0.409987,0.0274782,0.707019,0.456212,-0.0101555,0.731225
1.75104e+09,0.409987,0.0274782,0.707019,0.456212,-0.0101555,0.731225
1.75104e+09,0.409987,0.0274782,0.707019,0.456212,-0.0101555,0.731225
1.75104e+09,0.409987,0.0274782,0.707019,0.456212,-0.0101555,0.731225
1.75104e+09,0.409987,0.0274782,0.707019,0.456212,-0.0101555,0.731225
1.75104e+09,0.409987,0.0274782,0.707019,0.456212,-0.0101555,0.731225
1.75104e+09,0.409987,0.0274782,0.707019,0.456212,-0.0101555,0.731225
1.75104e+09,0.409987,0.0274782,0.707019,0.456212,-0.0101555,0.731225
1.75104e+09,0.409987,0.0274782,0.707019,0.456212,-0.0101555,0.731225
1.75104e+09,0.409987,0.0274782,0.707019,0.458931,-0.00962531,0.729228
1.75104e+09,0.373753,0.0473852,0.720889,0.458931,-0.00962531,0.729228
1.75104e+09,0.373753,0.0473852,0.720889,0.458931,-0.00962531,0.729228
1.75104e+09,0.373753,0.0473852,0.720889,0.458931,-0.00962531,0.729228
1.75104e+09,0.373753,0.0473852,0.720889,0.458931,-0.00962531,0.729228
1.75104e+09,0.373753,0.0473852,0.720889,0.458931,-0.00962531,0.729228
1.75104e+09,0.373753,0.0473852,0.720889,0.458931,-0.00962531,0.729228
1.75104e+09,0.373753,0.0473852,0.720889,0.458931,-0.00962531,0.729228
1.75104e+09,0.373753,0.0473852,0.720889,0.458931,-0.00962531,0.729228
1.75104e+09,0.373753,0.0473852,0.720889,0.458931,-0.00962531,0.729228
1.75104e+09,0.373753,0.0473852,0.720889,0.461572,-0.00909932,0.727294
1.75104e+09,0.379539,0.0856232,0.708389,0.461572,-0.00909932,0.727294
1.75104e+09,0.379539,0.0856232,0.708389,0.461572,-0.00909932,0.727294
1.75104e+09,0.379539,0.0856232,0.708389,0.461572,-0.00909932,0.727294
1.75104e+09,0.379539,0.0856232,0.708389,0.461572,-0.00909932,0.727294
1.75104e+09,0.379539,0.0856232,0.708389,0.461572,-0.00909932,0.727294
1.75104e+09,0.379539,0.0856232,0.708389,0.461572,-0.00909932,0.727294
1.75104e+09,0.379539,0.0856232,0.708389,0.461572,-0.00909932,0.727294
1.75104e+09,0.379539,0.0856232,0.708389,0.461572,-0.00909932,0.727294
1.75104e+09,0.379539,0.0856232,0.708389,0.461572,-0.00909932,0.727294
1.75104e+09,0.379539,0.0856232,0.708389,0.464136,-0.00857849,0.725423
1.75104e+09,0.379539,0.0856232,0.708389,0.464136,-0.00857849,0.725423
1.75104e+09,0.40025,0.0513658,0.697542,0.464136,-0.00857849,0.725423
1.75104e+09,0.40025,0.0513658,0.697542,0.464136,-0.00857849,0.725423
1.75104e+09,0.40025,0.0513658,0.697542,0.464136,-0.00857849,0.725423
1.75104e+09,0.40025,0.0513658,0.697542,0.464136,-0.00857849,0.725423
1.75104e+09,0.40025,0.0513658,0.697542,0.464136,-0.00857849,0.725423
1.75104e+09,0.40025,0.0513658,0.697542,0.464136,-0.00857849,0.725423
1.75104e+09,0.40025,0.0513658,0.697542,0.464136,-0.00857849,0.725423
1.75104e+09,0.40025,0.0513658,0.697542,0.466622,-0.00806379,0.723615
1.75104e+09,0.40025,0.0513658,0.697542,0.466622,-0.00806379,0.723615
1.75104e+09,0.40025,0.0513658,0.697542,0.466622,-0.00806379,0.723615
1.75104e+09,0.40025,0.0513658,0.697542,0.466622,-0.00806379,0.723615
1.75104e+09,0.41394,0.018005,0.692399,0.466622,-0.00806379,0.723615
1.75104e+09,0.41394,0.018005,0.692399,0.466622,-0.00806379,0.723615
1.75104e+09,0.41394,0.018005,0.692399,0.466622,-0.00806379,0.723615
1.75104e+09,0.41394,0.018005,0.692399,0.466622,-0.00806379,0.723615
1.75104e+09,0.41394,0.018005,0.692399,0.466622,-0.00806379,0.723615
1.75104e+09,0.41394,0.018005,0.692399,0.466622,-0.00806379,0.723615
1.75104e+09,0.41394,0.018005,0.692399,0.469027,-0.00755617,0.721871
1.75104e+09,0.41394,0.018005,0.692399,0.469027,-0.00755617,0.721871
1.75104e+09,0.41394,0.018005,0.692399,0.469027,-0.00755617,0.721871
1.75104e+09,0.41394,0.018005,0.692399,0.469027,-0.00755617,0.721871
1.75104e+09,0.414602,-0.0183452,0.697377,0.469027,-0.00755617,0.721871
1.75104e+09,0.414602,-0.0183452,0.697377,0.469027,-0.00755617,0.721871
1.75104e+09,0.414602,-0.0183452,0.697377,0.469027,-0.00755617,0.721871
1.75104e+09,0.414602,-0.0183452,0.697377,0.469027,-0.00755617,0.721871
1.75104e+09,0.414602,-0.0183452,0.697377,0.469027,-0.00755617,0.721871
1.75104e+09,0.414602,-0.0183452,0.697377,0.469027,-0.00755617,0.721871
1.75104e+09,0.414602,-0.0183452,0.697377,0.471351,-0.00705662,0.720191
1.75104e+09,0.414602,-0.0183452,0.697377,0.471351,-0.00705662,0.720191
1.75104e+09,0.414602,-0.0183452,0.697377,0.471351,-0.00705662,0.720191
1.75104e+09,0.414602,-0.0183452,0.697377,0.471351,-0.00705662,0.720191
1.75104e+09,0.414602,-0.0183452,0.697377,0.471351,-0.00705662,0.720191
1.75104e+09,0.412295,-0.0671027,0.704309,0.471351,-0.00705662,0.720191
1.75104e+09,0.412295,-0.0671027,0.704309,0.471351,-0.00705662,0.720191
1.75104e+09,0.412295,-0.0671027,0.704309,0.471351,-0.00705662,0.720191
1.75104e+09,0.412295,-0.0671027,0.704309,0.471351,-0.00705662,0.720191
1.75104e+09,0.412295,-0.0671027,0.704309,0.471351,-0.00705662,0.720191
1.75104e+09,0.412295,-0.0671027,0.704309,0.473593,-0.00656609,0.718575
1.75104e+09,0.412295,-0.0671027,0.704309,0.473593,-0.00656609,0.718575
1.75104e+09,0.412295,-0.0671027,0.704309,0.473593,-0.00656609,0.718575
1.75104e+09,0.412295,-0.0671027,0.704309,0.473593,-0.00656609,0.718575
1.75104e+09,0.412295,-0.0671027,0.704309,0.473593,-0.00656609,0.718575
1.75104e+09,0.412295,-0.0671027,0.704309,0.473593,-0.00656609,0.718575
1.75104e+09,0.416783,-0.042924,0.708649,0.473593,-0.00656609,0.718575
1.75104e+09,0.416783,-0.042924,0.708649,0.473593,-0.00656609,0.718575
1.75104e+09,0.416783,-0.042924,0.708649,0.473593,-0.00656609,0.718575
1.75104e+09,0.416783,-0.042924,0.708649,0.473593,-0.00656609,0.718575
1.75104e+09,0.416783,-0.042924,0.708649,0.475752,-0.00608556,0.717024
1.75104e+09,0.416783,-0.042924,0.708649,0.475752,-0.00608556,0.717024
1.75104e+09,0.416783,-0.042924,0.708649,0.475752,-0.00608556,0.717024
1.75104e+09,0.416783,-0.042924,0.708649,0.475752,-0.00608556,0.717024
1.75104e+09,0.416783,-0.042924,0.708649,0.475752,-0.00608556,0.717024
1.75104e+09,0.416783,-0.042924,0.708649,0.475752,-0.00608556,0.717024
1.75104e+09,0.416783,-0.042924,0.708649,0.475752,-0.00608556,0.717024
1.75104e+09,0.442269,-0.0183895,0.700385,0.475752,-0.00608556,0.717024
1.75104e+09,0.442269,-0.0183895,0.700385,0.475752,-0.00608556,0.717024
1.75104e+09,0.442269,-0.0183895,0.700385,0.475752,-0.00608556,0.717024
1.75104e+09,0.442269,-0.0183895,0.700385,0.477826,-0.00561599,0.715538
1.75104e+09,0.442269,-0.0183895,0.700385,0.477826,-0.00561599,0.715538
1.75104e+09,0.442269,-0.0183895,0.700385,0.477826,-0.00561599,0.715538
1.75104e+09,0.442269,-0.0183895,0.700385,0.477826,-0.00561599,0.715538
1.75104e+09,0.442269,-0.0183895,0.700385,0.477826,-0.00561599,0.715538
1.75104e+09,0.442269,-0.0183895,0.700385,0.477826,-0.00561599,0.715538
1.75104e+09,0.442269,-0.0183895,0.700385,0.477826,-0.00561599,0.715538
1.75104e+09,0.435248,0.00770286,0.70615,0.477826,-0.00561599,0.715538
1.75104e+09,0.435248,0.00770286,0.70615,0.477826,-0.00561599,0.715538
1.75104e+09,0.435248,0.00770286,0.70615,0.477826,-0.00561599,0.715538
1.75104e+09,0.435248,0.00770286,0.70615,0.479816,-0.00515835,0.714117
1.75104e+09,0.435248,0.00770286,0.70615,0.479816,-0.00515835,0.714117
1.75104e+09,0.435248,0.00770286,0.70615,0.479816,-0.00515835,0.714117
1.75104e+09,0.435248,0.00770286,0.70615,0.479816,-0.00515835,0.714117
1.75104e+09,0.435248,0.00770286,0.70615,0.479816,-0.00515835,0.714117
1.75104e+09,0.435248,0.00770286,0.70615,0.479816,-0.00515835,0.714117
1.75104e+09,0.435248,0.00770286,0.70615,0.479816,-0.00515835,0.714117
1.75104e+09,0.435248,0.00770286,0.70615,0.479816,-0.00515835,0.714117
1.75104e+09,0.39127,0.00892641,0.722555,0.479816,-0.00515835,0.714117
1.75104e+09,0.39127,0.00892641,0.722555,0.479816,-0.00515835,0.714117
1.75104e+09,0.39127,0.00892641,0.722555,0.481718,-0.0047136,0.712763
1.75104e+09,0.39127,0.00892641,0.722555,0.481718,-0.0047136,0.712763
1.75104e+09,0.39127,0.00892641,0.722555,0.481718,-0.0047136,0.712763
1.75104e+09,0.39127,0.00892641,0.722555,0.481718,-0.0047136,0.712763
1.75104e+09,0.39127,0.00892641,0.722555,0.481718,-0.0047136,0.712763
1.75104e+09,0.39127,0.00892641,0.722555,0.481718,-0.0047136,0.712763
1.75104e+09,0.39127,0.00892641,0.722555,0.481718,-0.0047136,0.712763
1.75104e+09,0.39127,0.00892641,0.722555,0.481718,-0.0047136,0.712763
1.75104e+09,0.39127,0.00892641,0.722555,0.481718,-0.0047136,0.712763
1.75104e+09,0.375998,-0.00360576,0.72331,0.481718,-0.0047136,0.712763
1.75104e+09,0.375998,-0.00360576,0.72331,0.483534,-0.00428272,0.711474
1.75104e+09,0.375998,-0.00360576,0.72331,0.483534,-0.00428272,0.711474
1.75104e+09,0.375998,-0.00360576,0.72331,0.483534,-0.00428272,0.711474
1.75104e+09,0.375998,-0.00360576,0.72331,0.483534,-0.00428272,0.711474
1.75104e+09,0.375998,-0.00360576,0.72331,0.483534,-0.00428272,0.711474
1.75104e+09,0.375998,-0.00360576,0.72331,0.483534,-0.00428272,0.711474
1.75104e+09,0.375998,-0.00360576,0.72331,0.483534,-0.00428272,0.711474
1.75104e+09,0.375998,-0.00360576,0.72331,0.483534,-0.00428272,0.711474
1.75104e+09,0.375998,-0.00360576,0.72331,0.483534,-0.00428272,0.711474
1.75104e+09,0.375998,-0.00360576,0.72331,0.483534,-0.00428272,0.711474
1.75104e+09,0.375998,-0.00360576,0.72331,0.48526,-0.00386666,0.710252
1.75104e+09,0.380197,0.0169964,0.676619,0.48526,-0.00386666,0.710252
1.75104e+09,0.380197,0.0169964,0.676619,0.48526,-0.00386666,0.710252
1.75104e+09,0.380197,0.0169964,0.676619,0.48526,-0.00386666,0.710252
1.75104e+09,0.380197,0.0169964,0.676619,0.48526,-0.00386666,0.710252
1.75104e+09,0.380197,0.0169964,0.676619,0.48526,-0.00386666,0.710252
1.75104e+09,0.380197,0.0169964,0.676619,0.48526,-0.00386666,0.710252
1.75104e+09,0.380197,0.0169964,0.676619,0.48526,-0.00386666,0.710252
1.75104e+09,0.380197,0.0169964,0.676619,0.48526,-0.00386666,0.710252
1.75104e+09,0.380197,0.0169964,0.676619,0.486897,-0.00346641,0.709096
1.75104e+09,0.414216,0.0165599,0.621516,0.486897,-0.00346641,0.709096
1.75104e+09,0.414216,0.0165599,0.621516,0.486897,-0.00346641,0.709096
1.75104e+09,0.414216,0.0165599,0.621516,0.486897,-0.00346641,0.709096
1.75104e+09,0.414216,0.0165599,0.621516,0.486897,-0.00346641,0.709096
1.75104e+09,0.414216,0.0165599,0.621516,0.486897,-0.00346641,0.709096
1.75104e+09,0.414216,0.0165599,0.621516,0.486897,-0.00346641,0.709096
1.75104e+09,0.414216,0.0165599,0.621516,0.486897,-0.00346641,0.709096
1.75104e+09,0.414216,0.0165599,0.621516,0.486897,-0.00346641,0.709096
1.75104e+09,0.414216,0.0165599,0.621516,0.486897,-0.00346641,0.709096
1.75104e+09,0.414216,0.0165599,0.621516,0.488443,-0.00308292,0.708008
1.75104e+09,0.414216,0.0165599,0.621516,0.488443,-0.00308292,0.708008
1.75104e+09,0.419718,0.0517688,0.620879,0.488443,-0.00308292,0.708008
1.75104e+09,0.419718,0.0517688,0.620879,0.488443,-0.00308292,0.708008
1.75104e+09,0.419718,0.0517688,0.620879,0.488443,-0.00308292,0.708008
1.75104e+09,0.419718,0.0517688,0.620879,0.488443,-0.00308292,0.708008
1.75104e+09,0.419718,0.0517688,0.620879,0.488443,-0.00308292,0.708008
1.75104e+09,0.419718,0.0517688,0.620879,0.488443,-0.00308292,0.708008
1.75104e+09,0.419718,0.0517688,0.620879,0.488443,-0.00308292,0.708008
1.75104e+09,0.419718,0.0517688,0.620879,0.488443,-0.00308292,0.708008
1.75104e+09,0.419718,0.0517688,0.620879,0.489897,-0.00271716,0.706988
1.75104e+09,0.419718,0.0517688,0.620879,0.489897,-0.00271716,0.706988
1.75104e+09,0.419718,0.0517688,0.620879,0.489897,-0.00271716,0.706988
1.75104e+09,0.419718,0.0517688,0.620879,0.489897,-0.00271716,0.706988
1.75104e+09,0.423156,0.0884972,0.624964,0.489897,-0.00271716,0.706988
1.75104e+09,0.423156,0.0884972,0.624964,0.489897,-0.00271716,0.706988
1.75104e+09,0.423156,0.0884972,0.624964,0.489897,-0.00271716,0.706988
1.75104e+09,0.423156,0.0884972,0.624964,0.489897,-0.00271716,0.706988
1.75104e+09,0.423156,0.0884972,0.624964,0.489897,-0.00271716,0.706988
1.75104e+09,0.423156,0.0884972,0.624964,0.489897,-0.00271716,0.706988
1.75104e+09,0.423156,0.0884972,0.624964,0.491258,-0.0023701,0.706035
1.75104e+09,0.423156,0.0884972,0.624964,0.491258,-0.0023701,0.706035
1.75104e+09,0.423156,0.0884972,0.624964,0.491258,-0.0023701,0.706035
1.75104e+09,0.454443,0.0515066,0.612537,0.491258,-0.0023701,0.706035
1.75104e+09,0.454443,0.0515066,0.612537,0.491258,-0.0023701,0.706035
1.75104e+09,0.454443,0.0515066,0.612537,0.491258,-0.0023701,0.706035
1.75104e+09,0.454443,0.0515066,0.612537,0.491258,-0.0023701,0.706035
1.75104e+09,0.454443,0.0515066,0.612537,0.491258,-0.0023701,0.706035
1.75104e+09,0.454443,0.0515066,0.612537,0.491258,-0.0023701,0.706035
1.75104e+09,0.454443,0.0515066,0.612537,0.491258,-0.0023701,0.706035
1.75104e+09,0.454443,0.0515066,0.612537,0.492525,-0.00204271,0.705151
1.75104e+09,0.454443,0.0515066,0.612537,0.492525,-0.00204271,0.705151
1.75104e+09,0.454443,0.0515066,0.612537,0.492525,-0.00204271,0.705151
1.75104e+09,0.454443,0.0515066,0.612537,0.492525,-0.00204271,0.705151
1.75104e+09,0.487713,-0.0366445,0.589787,0.492525,-0.00204271,0.705151
1.75104e+09,0.487713,-0.0366445,0.589787,0.492525,-0.00204271,0.705151
1.75104e+09,0.487713,-0.0366445,0.589787,0.492525,-0.00204271,0.705151
1.75104e+09,0.487713,-0.0366445,0.589787,0.492525,-0.00204271,0.705151
1.75104e+09,0.487713,-0.0366445,0.589787,0.492525,-0.00204271,0.705151
1.75104e+09,0.487713,-0.0366445,0.589787,0.492525,-0.00204271,0.705151
1.75104e+09,0.487713,-0.0366445,0.589787,0.493697,-0.00173595,0.704336
1.75104e+09,0.487713,-0.0366445,0.589787,0.493697,-0.00173595,0.704336
1.75104e+09,0.487713,-0.0366445,0.589787,0.493697,-0.00173595,0.704336
1.75104e+09,0.487713,-0.0366445,0.589787,0.493697,-0.00173595,0.704336
1.75104e+09,0.487713,-0.0366445,0.589787,0.493697,-0.00173595,0.704336
1.75104e+09,0.487713,-0.0366445,0.589787,0.493697,-0.00173595,0.704336
1.75104e+09,0.481319,-0.0840707,0.582689,0.493697,-0.00173595,0.704336
1.75104e+09,0.481319,-0.0840707,0.582689,0.493697,-0.00173595,0.704336
1.75104e+09,0.481319,-0.0840707,0.582689,0.493697,-0.00173595,0.704336
1.75104e+09,0.481319,-0.0840707,0.582689,0.493697,-0.00173595,0.704336
1.75104e+09,0.481319,-0.0840707,0.582689,0.494773,-0.00145079,0.703589
1.75104e+09,0.481319,-0.0840707,0.582689,0.494773,-0.00145079,0.703589
1.75104e+09,0.481319,-0.0840707,0.582689,0.494773,-0.00145079,0.703589
1.75104e+09,0.481319,-0.0840707,0.582689,0.494773,-0.00145079,0.703589
1.75104e+09,0.481319,-0.0840707,0.582689,0.494773,-0.00145079,0.703589
1.75104e+09,0.481319,-0.0840707,0.582689,0.494773,-0.00145079,0.703589
1.75104e+09,0.481319,-0.0840707,0.582689,0.494773,-0.00145079,0.703589
1.75104e+09,0.487176,-0.0944195,0.568791,0.494773,-0.00145079,0.703589
1.75104e+09,0.487176,-0.0944195,0.568791,0.494773,-0.00145079,0.703589
1.75104e+09,0.487176,-0.0944195,0.568791,0.494773,-0.00145079,0.703589
1.75104e+09,0.487176,-0.0944195,0.568791,0.495752,-0.00118819,0.702912
1.75104e+09,0.487176,-0.0944195,0.568791,0.495752,-0.00118819,0.702912
1.75104e+09,0.487176,-0.0944195,0.568791,0.495752,-0.00118819,0.702912
1.75104e+09,0.487176,-0.0944195,0.568791,0.495752,-0.00118819,0.702912
1.75104e+09,0.487176,-0.0944195,0.568791,0.495752,-0.00118819,0.702912
1.75104e+09,0.487176,-0.0944195,0.568791,0.495752,-0.00118819,0.702912
1.75104e+09,0.506377,-0.0571598,0.547087,0.495752,-0.00118819,0.702912
1.75104e+09,0.506377,-0.0571598,0.547087,0.495752,-0.00118819,0.702912
1.75104e+09,0.506377,-0.0571598,0.547087,0.495752,-0.00118819,0.702912
1.75104e+09,0.506377,-0.0571598,0.547087,0.495752,-0.00118819,0.702912
1.75104e+09,0.506377,-0.0571598,0.547087,0.496632,-0.000949136,0.702305
1.75104e+09,0.506377,-0.0571598,0.547087,0.496632,-0.000949136,0.702305
1.75104e+09,0.506377,-0.0571598,0.547087,0.496632,-0.000949136,0.702305
1.75104e+09,0.506377,-0.0571598,0.547087,0.496632,-0.000949136,0.702305
1.75104e+09,0.506377,-0.0571598,0.547087,0.496632,-0.000949136,0.702305
1.75104e+09,0.506377,-0.0571598,0.547087,0.496632,-0.000949136,0.702305
1.75104e+09,0.506377,-0.0571598,0.547087,0.496632,-0.000949136,0.702305
1.75104e+09,0.506377,-0.0571598,0.547087,0.496632,-0.000949136,0.702305
1.75104e+09,0.517245,0.0600458,0.526271,0.496632,-0.000949136,0.702305
1.75104e+09,0.517245,0.0600458,0.526271,0.496632,-0.000949136,0.702305
1.75104e+09,0.517245,0.0600458,0.526271,0.497412,-0.000734581,0.701768
1.75104e+09,0.517245,0.0600458,0.526271,0.497412,-0.000734581,0.701768
1.75104e+09,0.517245,0.0600458,0.526271,0.497412,-0.000734581,0.701768
1.75104e+09,0.517245,0.0600458,0.526271,0.497412,-0.000734581,0.701768
1.75104e+09,0.517245,0.0600458,0.526271,0.497412,-0.000734581,0.701768
1.75104e+09,0.517245,0.0600458,0.526271,0.497412,-0.000734581,0.701768
1.75104e+09,0.517245,0.0600458,0.526271,0.497412,-0.000734581,0.701768
1.75104e+09,0.517245,0.0600458,0.526271,0.497412,-0.000734581,0.701768
1.75104e+09,0.517245,0.0600458,0.526271,0.497412,-0.000734581,0.701768
1.75104e+09,0.509107,0.0956916,0.5386,0.498092,-0.000545495,0.701301
1.75104e+09,0.509107,0.0956916,0.5386,0.498092,-0.000545495,0.701301
1.75104e+09,0.509107,0.0956916,0.5386,0.498092,-0.000545495,0.701301
1.75104e+09,0.509107,0.0956916,0.5386,0.498092,-0.000545495,0.701301
1.75104e+09,0.509107,0.0956916,0.5386,0.498092,-0.000545495,0.701301
1.75104e+09,0.509107,0.0956916,0.5386,0.498092,-0.000545495,0.701301
1.75104e+09,0.509107,0.0956916,0.5386,0.498092,-0.000545495,0.701301
1.75104e+09,0.509107,0.0956916,0.5386,0.498092,-0.000545495,0.701301
1.75104e+09,0.509107,0.0956916,0.5386,0.498092,-0.000545495,0.701301
1.75104e+09,0.509107,0.0956916,0.5386,0.498092,-0.000545495,0.701301
1.75104e+09,0.509107,0.0956916,0.5386,0.498671,-0.000382846,0.700905
1.75104e+09,0.468958,0.101006,0.587179,0.498671,-0.000382846,0.700905
1.75104e+09,0.468958,0.101006,0.587179,0.498671,-0.000382846,0.700905
1.75104e+09,0.468958,0.101006,0.587179,0.498671,-0.000382846,0.700905
1.75104e+09,0.468958,0.101006,0.587179,0.498671,-0.000382846,0.700905
1.75104e+09,0.468958,0.101006,0.587179,0.498671,-0.000382846,0.700905
1.75104e+09,0.468958,0.101006,0.587179,0.498671,-0.000382846,0.700905
1.75104e+09,0.468958,0.101006,0.587179,0.498671,-0.000382846,0.700905
1.75104e+09,0.468958,0.101006,0.587179,0.498671,-0.000382846,0.700905
1.75104e+09,0.468958,0.101006,0.587179,0.498671,-0.000382846,0.700905
1.75104e+09,0.468958,0.101006,0.587179,0.499146,-0.000247601,0.70058
1.75104e+09,0.453332,0.079462,0.607975,0.499146,-0.000247601,0.70058
1.75104e+09,0.453332,0.079462,0.607975,0.499146,-0.000247601,0.70058
1.75104e+09,0.453332,0.079462,0.607975,0.499146,-0.000247601,0.70058
1.75104e+09,0.453332,0.079462,0.607975,0.499146,-0.000247601,0.70058
1.75104e+09,0.453332,0.079462,0.607975,0.499146,-0.000247601,0.70058
1.75104e+09,0.453332,0.079462,0.607975,0.499146,-0.000247601,0.70058
1.75104e+09,0.453332,0.079462,0.607975,0.499146,-0.000247601,0.70058
1.75104e+09,0.453332,0.079462,0.607975,0.499146,-0.000247601,0.70058
1.75104e+09,0.453332,0.079462,0.607975,0.499146,-0.000247601,0.70058
1.75104e+09,0.453332,0.079462,0.607975,0.499518,-0.000140726,0.700327
1.75104e+09,0.453332,0.079462,0.607975,0.499518,-0.000140726,0.700327
1.75104e+09,0.48212,0.0339284,0.595438,0.499518,-0.000140726,0.700327
1.75104e+09,0.48212,0.0339284,0.595438,0.499518,-0.000140726,0.700327
1.75104e+09,0.48212,0.0339284,0.595438,0.499518,-0.000140726,0.700327
1.75104e+09,0.48212,0.0339284,0.595438,0.499518,-0.000140726,0.700327
1.75104e+09,0.48212,0.0339284,0.595438,0.499518,-0.000140726,0.700327
1.75104e+09,0.48212,0.0339284,0.595438,0.499518,-0.000140726,0.700327
1.75104e+09,0.48212,0.0339284,0.595438,0.499518,-0.000140726,0.700327
1.75104e+09,0.48212,0.0339284,0.595438,0.499518,-0.000140726,0.700327
1.75104e+09,0.48212,0.0339284,0.595438,0.499785,-6.31898e-05,0.700145
1.75104e+09,0.48212,0.0339284,0.595438,0.499785,-6.31898e-05,0.700145
1.75104e+09,0.48212,0.0339284,0.595438,0.499785,-6.31898e-05,0.700145
1.75104e+09,0.492658,-0.0364935,0.590055,0.499785,-6.31898e-05,0.700145
1.75104e+09,0.492658,-0.0364935,0.590055,0.499785,-6.31898e-05,0.700145
1.75104e+09,0.492658,-0.0364935,0.590055,0.499785,-6.31898e-05,0.700145
1.75104e+09,0.492658,-0.0364935,0.590055,0.499785,-6.31898e-05,0.700145
1.75104e+09,0.492658,-0.0364935,0.590055,0.499785,-6.31898e-05,0.700145
1.75104e+09,0.492658,-0.0364935,0.590055,0.499785,-6.31898e-05,0.700145
1.75104e+09,0.492658,-0.0364935,0.590055,0.499785,-6.31898e-05,0.700145
1.75104e+09,0.492658,-0.0364935,0.590055,0.499946,-1.59586e-05,0.700036
1.75104e+09,0.492658,-0.0364935,0.590055,0.499946,-1.59586e-05,0.700036
1.75104e+09,0.492658,-0.0364935,0.590055,0.499946,-1.59586e-05,0.700036
1.75104e+09,0.492658,-0.0364935,0.590055,0.499946,-1.59586e-05,0.700036
1.75104e+09,0.503193,-0.0504728,0.572336,0.499946,-1.59586e-05,0.700036
1.75104e+09,0.503193,-0.0504728,0.572336,0.499946,-1.59586e-05,0.700036
1.75104e+09,0.503193,-0.0504728,0.572336,0.499946,-1.59586e-05,0.700036
1.75104e+09,0.503193,-0.0504728,0.572336,0.499946,-1.59586e-05,0.700036
1.75104e+09,0.503193,-0.0504728,0.572336,0.499946,-1.59586e-05,0.700036
1.75104e+09,0.503193,-0.0504728,0.572336,0.499946,-1.59586e-05,0.700036
1.75104e+09,0.503193,-0.0504728,0.572336,0.499946,-1.59586e-05,0.700036
1.75104e+09,0.503193,-0.0504728,0.572336,0.499946,-1.59586e-05,0.700036
1.75104e+09,0.503193,-0.0504728,0.572336,0.499946,-1.59586e-05,0.700036
1.75104e+09,0.503193,-0.0504728,0.572336,0.499946,-1.59586e-05,0.700036
1.75104e+09,0.51022,-0.0270441,0.560615,0.499946,-1.59586e-05,0.700036
1.75104e+09,0.51022,-0.0270441,0.560615,0.499946,-1.59586e-05,0.700036
1.75104e+09,0.51022,-0.0270441,0.560615,0.499946,-1.59586e-05,0.700036
1.75104e+09,0.51022,-0.0270441,0.560615,0.499946,-1.59586e-05,0.700036
1.75104e+09,0.51022,-0.0270441,0.560615,0.499946,-1.59586e-05,0.700036
1.75104e+09,0.51022,-0.0270441,0.560615,0.499946,-1.59586e-05,0.700036
1.75104e+09,0.51022,-0.0270441,0.560615,0.499946,-1.59586e-05,0.700036
1.75104e+09,0.51022,-0.0270441,0.560615,0.499946,-1.59586e-05,0.700036
1.75104e+09,0.51022,-0.0270441,0.560615,0.499946,-1.59586e-05,0.700036
1.75104e+09,0.51022,-0.0270441,0.560615,0.499946,-1.59586e-05,0.700036
1.75104e+09,0.51022,-0.0270441,0.560615,0.499946,-1.59586e-05,0.700036
1.75104e+09,0.510376,0.00773651,0.55456,0.499946,-1.59586e-05,0.700036
1.75104e+09,0.510376,0.00773651,0.55456,0.499946,-1.59586e-05,0.700036
1.75104e+09,0.510376,0.00773651,0.55456,0.499946,-1.59586e-05,0.700036
1.75104e+09,0.510376,0.00773651,0.55456,0.499946,-1.59586e-05,0.700036
1.75104e+09,0.510376,0.00773651,0.55456,0.499946,-1.59586e-05,0.700036
1.75104e+09,0.510376,0.00773651,0.55456,0.499946,-1.59586e-05,0.700036
1.75104e+09,0.510376,0.00773651,0.55456,0.499946,-1.59586e-05,0.700036
1.75104e+09,0.510376,0.00773651,0.55456,0.499946,-1.59586e-05,0.700036
1.75104e+09,0.510376,0.00773651,0.55456,0.499946,-1.59586e-05,0.700036
1.75104e+09,0.510376,0.00773651,0.55456,0.499946,-1.59586e-05,0.700036
1.75104e+09,0.510376,0.00773651,0.55456,0.499946,-1.59586e-05,0.700036
1.75104e+09,0.529328,0.0415353,0.523294,0.499946,-1.59586e-05,0.700036
1.75104e+09,0.529328,0.0415353,0.523294,0.499946,-1.59586e-05,0.700036
1.75104e+09,0.529328,0.0415353,0.523294,0.499946,-1.59586e-05,0.700036
1.75104e+09,0.529328,0.0415353,0.523294,0.499946,-1.59586e-05,0.700036
1.75104e+09,0.529328,0.0415353,0.523294,0.499946,-1.59586e-05,0.700036
1.75104e+09,0.529328,0.0415353,0.523294,0.499946,-1.59586e-05,0.700036
1.75104e+09,0.529328,0.0415353,0.523294,0.499946,-1.59586e-05,0.700036
1.75104e+09,0.529328,0.0415353,0.523294,0.499946,-1.59586e-05,0.700036
1.75104e+09,0.529328,0.0415353,0.523294,0.499946,-1.59586e-05,0.700036
1.75104e+09,0.529328,0.0415353,0.523294,0.499946,-1.59586e-05,0.700036
1.75104e+09,0.522605,0.0367037,0.53931,0.499946,-1.59586e-05,0.700036
1.75104e+09,0.522605,0.0367037,0.53931,0.499946,-1.59586e-05,0.700036
1.75104e+09,0.522605,0.0367037,0.53931,0.499946,-1.59586e-05,0.700036
1.75104e+09,0.522605,0.0367037,0.53931,0.499946,-1.59586e-05,0.700036
1.75104e+09,0.522605,0.0367037,0.53931,0.499946,-1.59586e-05,0.700036
1.75104e+09,0.522605,0.0367037,0.53931,0.499946,-1.59586e-05,0.700036
1.75104e+09,0.522605,0.0367037,0.53931,0.499946,-1.59586e-05,0.700036
1.75104e+09,0.522605,0.0367037,0.53931,0.499946,-1.59586e-05,0.700036
1.75104e+09,0.522605,0.0367037,0.53931,0.499946,-1.59586e-05,0.700036
1.75104e+09,0.522605,0.0367037,0.53931,0.499946,-1.59586e-05,0.700036
1.75104e+09,0.522605,0.0367037,0.53931,0.499946,-1.59586e-05,0.700036
1.75104e+09,0.491898,0.0307799,0.582562,0.499946,-1.59586e-05,0.700036
1.75104e+09,0.491898,0.0307799,0.582562,0.499946,-1.59586e-05,0.700036
1.75104e+09,0.491898,0.0307799,0.582562,0.499946,-1.59586e-05,0.700036
1.75104e+09,0.491898,0.0307799,0.582562,0.499946,-1.59586e-05,0.700036
1.75104e+09,0.491898,0.0307799,0.582562,0.499946,-1.59586e-05,0.700036
1.75104e+09,0.491898,0.0307799,0.582562,0.499946,-1.59586e-05,0.700036
1.75104e+09,0.491898,0.0307799,0.582562,0.499946,-1.59586e-05,0.700036
1.75104e+09,0.491898,0.0307799,0.582562,0.499946,-1.59586e-05,0.700036
1.75104e+09,0.491898,0.0307799,0.582562,0.499946,-1.59586e-05,0.700036
1.75104e+09,0.491898,0.0307799,0.582562,0.499946,-1.59586e-05,0.700036
1.75104e+09,0.491898,0.0307799,0.582562,0.499946,-1.59586e-05,0.700036
1.75104e+09,0.461511,0.0521658,0.608765,0.499946,-1.59586e-05,0.700036
1.75104e+09,0.461511,0.0521658,0.608765,0.499946,-1.59586e-05,0.700036
1.75104e+09,0.461511,0.0521658,0.608765,0.499946,-1.59586e-05,0.700036
1.75104e+09,0.461511,0.0521658,0.608765,0.499946,-1.59586e-05,0.700036
1.75104e+09,0.461511,0.0521658,0.608765,0.499946,-1.59586e-05,0.700036
1.75104e+09,0.461511,0.0521658,0.608765,0.499946,-1.59586e-05,0.700036
1.75104e+09,0.461511,0.0521658,0.608765,0.499946,-1.59586e-05,0.700036
1.75104e+09,0.461511,0.0521658,0.608765,0.499946,-1.59586e-05,0.700036
1.75104e+09,0.461511,0.0521658,0.608765,0.499946,-1.59586e-05,0.700036
1.75104e+09,0.461511,0.0521658,0.608765,0.499946,-1.59586e-05,0.700036
1.75104e+09,0.461511,0.0521658,0.608765,0.499946,-1.59586e-05,0.700036
1.75104e+09,0.44067,-0.0112247,0.629953,0.499946,-1.59586e-05,0.700036
1.75104e+09,0.44067,-0.0112247,0.629953,0.499946,-1.59586e-05,0.700036
1.75104e+09,0.44067,-0.0112247,0.629953,0.499946,-1.59586e-05,0.700036
1.75104e+09,0.44067,-0.0112247,0.629953,0.499946,-1.59586e-05,0.700036
1.75104e+09,0.44067,-0.0112247,0.629953,0.499946,-1.59586e-05,0.700036
1.75104e+09,0.44067,-0.0112247,0.629953,0.499946,-1.59586e-05,0.700036
1.75104e+09,0.44067,-0.0112247,0.629953,0.499946,-1.59586e-05,0.700036
1.75104e+09,0.44067,-0.0112247,0.629953,0.499946,-1.59586e-05,0.700036
1.75104e+09,0.44067,-0.0112247,0.629953,0.499946,-1.59586e-05,0.700036
1.75104e+09,0.44067,-0.0112247,0.629953,0.499946,-1.59586e-05,0.700036
1.75104e+09,0.44571,-0.0162002,0.624519,0.499946,-1.59586e-05,0.700036
1.75104e+09,0.44571,-0.0162002,0.624519,0.499946,-1.59586e-05,0.700036
1.75104e+09,0.44571,-0.0162002,0.624519,0.499946,-1.59586e-05,0.700036
1.75104e+09,0.44571,-0.0162002,0.624519,0.499946,-1.59586e-05,0.700036
1.75104e+09,0.44571,-0.0162002,0.624519,0.499946,-1.59586e-05,0.700036
1.75104e+09,0.44571,-0.0162002,0.624519,0.499946,-1.59586e-05,0.700036
1.75104e+09,0.44571,-0.0162002,0.624519,0.499946,-1.59586e-05,0.700036
1.75104e+09,0.44571,-0.0162002,0.624519,0.499946,-1.59586e-05,0.700036
1.75104e+09,0.44571,-0.0162002,0.624519,0.499946,-1.59586e-05,0.700036
1.75104e+09,0.44571,-0.0162002,0.624519,0.499946,-1.59586e-05,0.700036
1.75104e+09,0.44571,-0.0162002,0.624519,0.499946,-1.59586e-05,0.700036
1.75104e+09,0.4981,0.00239041,0.574972,0.499946,-1.59586e-05,0.700036
1.75104e+09,0.4981,0.00239041,0.574972,0.499946,-1.59586e-05,0.700036
1.75104e+09,0.4981,0.00239041,0.574972,0.499946,-1.59586e-05,0.700036
1.75104e+09,0.4981,0.00239041,0.574972,0.499946,-1.59586e-05,0.700036
1.75104e+09,0.4981,0.00239041,0.574972,0.499946,-1.59586e-05,0.700036
1.75104e+09,0.4981,0.00239041,0.574972,0.499946,-1.59586e-05,0.700036
1.75104e+09,0.4981,0.00239041,0.574972,0.499946,-1.59586e-05,0.700036
1.75104e+09,0.4981,0.00239041,0.574972,0.499946,-1.59586e-05,0.700036
1.75104e+09,0.4981,0.00239041,0.574972,0.499946,-1.59586e-05,0.700036
1.75104e+09,0.4981,0.00239041,0.574972,0.499946,-1.59586e-05,0.700036
1.75104e+09,0.4981,0.00239041,0.574972,0.499946,-1.59586e-05,0.700036
1.75104e+09,0.491803,0.0480457,0.571069,0.499946,-1.59586e-05,0.700036
1.75104e+09,0.491803,0.0480457,0.571069,0.499946,-1.59586e-05,0.700036
1.75104e+09,0.491803,0.0480457,0.571069,0.499946,-1.59586e-05,0.700036
1.75104e+09,0.491803,0.0480457,0.571069,0.499946,-1.59586e-05,0.700036
1.75104e+09,0.491803,0.0480457,0.571069,0.499946,-1.59586e-05,0.700036
1.75104e+09,0.491803,0.0480457,0.571069,0.499946,-1.59586e-05,0.700036
1.75104e+09,0.491803,0.0480457,0.571069,0.499946,-1.59586e-05,0.700036
1.75104e+09,0.491803,0.0480457,0.571069,0.499946,-1.59586e-05,0.700036
1.75104e+09,0.491803,0.0480457,0.571069,0.499946,-1.59586e-05,0.700036
1.75104e+09,0.491803,0.0480457,0.571069,0.499946,-1.59586e-05,0.700036
1.75104e+09,0.495339,0.0400116,0.566759,0.499946,-1.59586e-05,0.700036
1.75104e+09,0.495339,0.0400116,0.566759,0.499946,-1.59586e-05,0.700036
1.75104e+09,0.495339,0.0400116,0.566759,0.499946,-1.59586e-05,0.700036
1.75104e+09,0.495339,0.0400116,0.566759,0.499946,-1.59586e-05,0.700036
1.75104e+09,0.495339,0.0400116,0.566759,0.499946,-1.59586e-05,0.700036
1.75104e+09,0.495339,0.0400116,0.566759,0.499946,-1.59586e-05,0.700036
1.75104e+09,0.495339,0.0400116,0.566759,0.499946,-1.59586e-05,0.700036
1.75104e+09,0.495339,0.0400116,0.566759,0.499946,-1.59586e-05,0.700036
1.75104e+09,0.495339,0.0400116,0.566759,0.499946,-1.59586e-05,0.700036
1.75104e+09,0.495339,0.0400116,0.566759,0.499946,-1.59586e-05,0.700036
1.75104e+09,0.495339,0.0400116,0.566759,0.499946,-1.59586e-05,0.700036
1.75104e+09,0.493512,0.000783018,0.578174,0.499946,-1.59586e-05,0.700036
1.75104e+09,0.493512,0.000783018,0.578174,0.499946,-1.59586e-05,0.700036
1.75104e+09,0.493512,0.000783018,0.578174,0.499946,-1.59586e-05,0.700036
1.75104e+09,0.493512,0.000783018,0.578174,0.499946,-1.59586e-05,0.700036
1.75104e+09,0.493512,0.000783018,0.578174,0.499946,-1.59586e-05,0.700036
1.75104e+09,0.493512,0.000783018,0.578174,0.499946,-1.59586e-05,0.700036
1.75104e+09,0.493512,0.000783018,0.578174,0.499946,-1.59586e-05,0.700036
1.75104e+09,0.493512,0.000783018,0.578174,0.499946,-1.59586e-05,0.700036
1.75104e+09,0.493512,0.000783018,0.578174,0.499946,-1.59586e-05,0.700036
1.75104e+09,0.493512,0.000783018,0.578174,0.499946,-1.59586e-05,0.700036
1.75104e+09,0.493512,0.000783018,0.578174,0.499946,-1.59586e-05,0.700036
1.75104e+09,0.50659,-0.0341238,0.569626,0.499946,-1.59586e-05,0.700036
1.75104e+09,0.50659,-0.0341238,0.569626,0.499946,-1.59586e-05,0.700036
1.75104e+09,0.50659,-0.0341238,0.569626,0.499946,-1.59586e-05,0.700036
1.75104e+09,0.50659,-0.0341238,0.569626,0.499946,-1.59586e-05,0.700036
1.75104e+09,0.50659,-0.0341238,0.569626,0.499946,-1.59586e-05,0.700036
1.75104e+09,0.50659,-0.0341238,0.569626,0.499946,-1.59586e-05,0.700036
1.75104e+09,0.50659,-0.0341238,0.569626,0.499946,-1.59586e-05,0.700036
1.75104e+09,0.50659,-0.0341238,0.569626,0.499946,-1.59586e-05,0.700036
1.75104e+09,0.50659,-0.0341238,0.569626,0.499946,-1.59586e-05,0.700036
1.75104e+09,0.50659,-0.0341238,0.569626,0.499946,-1.59586e-05,0.700036
1.75104e+09,0.50659,-0.0341238,0.569626,0.499946,-1.59586e-05,0.700036
1.75104e+09,0.50659,-0.0341238,0.569626,0.499946,-1.59586e-05,0.700036
1.75104e+09,0.511065,-0.0434938,0.57005,0.499946,-1.59586e-05,0.700036
1.75104e+09,0.511065,-0.0434938,0.57005,0.499946,-1.59586e-05,0.700036
1.75104e+09,0.511065,-0.0434938,0.57005,0.499946,-1.59586e-05,0.700036
1.75104e+09,0.511065,-0.0434938,0.57005,0.499946,-1.59586e-05,0.700036
1.75104e+09,0.511065,-0.0434938,0.57005,0.499946,-1.59586e-05,0.700036
1.75104e+09,0.511065,-0.0434938,0.57005,0.499946,-1.59586e-05,0.700036
1.75104e+09,0.511065,-0.0434938,0.57005,0.499946,-1.59586e-05,0.700036
1.75104e+09,0.511065,-0.0434938,0.57005,0.499946,-1.59586e-05,0.700036
1.75104e+09,0.511065,-0.0434938,0.57005,0.499946,-1.59586e-05,0.700036
1.75104e+09,0.522567,-0.0137968,0.560581,0.499946,-1.59586e-05,0.700036
1.75104e+09,0.522567,-0.0137968,0.560581,0.499946,-1.59586e-05,0.700036
1.75104e+09,0.522567,-0.0137968,0.560581,0.499946,-1.59586e-05,0.700036
1.75104e+09,0.522567,-0.0137968,0.560581,0.499946,-1.59586e-05,0.700036
1.75104e+09,0.522567,-0.0137968,0.560581,0.499946,-1.59586e-05,0.700036
1.75104e+09,0.522567,-0.0137968,0.560581,0.499946,-1.59586e-05,0.700036
1.75104e+09,0.522567,-0.0137968,0.560581,0.499946,-1.59586e-05,0.700036
1.75104e+09,0.522567,-0.0137968,0.560581,0.499946,-1.59586e-05,0.700036
1.75104e+09,0.522567,-0.0137968,0.560581,0.499946,-1.59586e-05,0.700036
1.75104e+09,0.522567,-0.0137968,0.560581,0.499946,-1.59586e-05,0.700036
1.75104e+09,0.522567,-0.0137968,0.560581,0.499946,-1.59586e-05,0.700036
1.75104e+09,0.532781,0.0286396,0.539757,0.499946,-1.59586e-05,0.700036
1.75104e+09,0.532781,0.0286396,0.539757,0.499946,-1.59586e-05,0.700036
1.75104e+09,0.532781,0.0286396,0.539757,0.499946,-1.59586e-05,0.700036
1.75104e+09,0.532781,0.0286396,0.539757,0.499946,-1.59586e-05,0.700036
1.75104e+09,0.532781,0.0286396,0.539757,0.499946,-1.59586e-05,0.700036
1.75104e+09,0.532781,0.0286396,0.539757,0.499946,-1.59586e-05,0.700036
1.75104e+09,0.532781,0.0286396,0.539757,0.499946,-1.59586e-05,0.700036
1.75104e+09,0.532781,0.0286396,0.539757,0.499946,-1.59586e-05,0.700036
1.75104e+09,0.532781,0.0286396,0.539757,0.499946,-1.59586e-05,0.700036
1.75104e+09,0.532781,0.0286396,0.539757,0.499946,-1.59586e-05,0.700036
1.75104e+09,0.532781,0.0286396,0.539757,0.499946,-1.59586e-05,0.700036
1.75104e+09,0.532781,0.0286396,0.539757,0.499946,-1.59586e-05,0.700036
1.75104e+09,0.525647,0.0709504,0.53601,0.499946,-1.59586e-05,0.700036
1.75104e+09,0.525647,0.0709504,0.53601,0.499946,-1.59586e-05,0.700036
1.75104e+09,0.525647,0.0709504,0.53601,0.499946,-1.59586e-05,0.700036
1.75104e+09,0.525647,0.0709504,0.53601,0.499946,-1.59586e-05,0.700036
1.75104e+09,0.525647,0.0709504,0.53601,0.499946,-1.59586e-05,0.700036
1.75104e+09,0.525647,0.0709504,0.53601,0.499946,-1.59586e-05,0.700036
1.75104e+09,0.525647,0.0709504,0.53601,0.499946,-1.59586e-05,0.700036
1.75104e+09,0.525647,0.0709504,0.53601,0.499946,-1.59586e-05,0.700036
1.75104e+09,0.525647,0.0709504,0.53601,0.499946,-1.59586e-05,0.700036
1.75104e+09,0.525647,0.0709504,0.53601,0.499946,-1.59586e-05,0.700036
1.75104e+09,0.525647,0.0709504,0.53601,0.499946,-1.59586e-05,0.700036
1.75104e+09,0.514756,0.0592078,0.546729,0.499946,-1.59586e-05,0.700036
1.75104e+09,0.514756,0.0592078,0.546729,0.499946,-1.59586e-05,0.700036
1.75104e+09,0.514756,0.0592078,0.546729,0.499946,-1.59586e-05,0.700036
1.75104e+09,0.514756,0.0592078,0.546729,0.499946,-1.59586e-05,0.700036
1.75104e+09,0.514756,0.0592078,0.546729,0.499946,-1.59586e-05,0.700036
1.75104e+09,0.514756,0.0592078,0.546729,0.499946,-1.59586e-05,0.700036
1.75104e+09,0.514756,0.0592078,0.546729,0.499946,-1.59586e-05,0.700036
1.75104e+09,0.514756,0.0592078,0.546729,0.499946,-1.59586e-05,0.700036
1.75104e+09,0.514756,0.0592078,0.546729,0.499946,-1.59586e-05,0.700036
1.75104e+09,0.497035,-0.0122696,0.564642,0.499946,-1.59586e-05,0.700036
1.75104e+09,0.497035,-0.0122696,0.564642,0.499946,-1.59586e-05,0.700036
1.75104e+09,0.497035,-0.0122696,0.564642,0.499946,-1.59586e-05,0.700036
1.75104e+09,0.497035,-0.0122696,0.564642,0.499946,-1.59586e-05,0.700036
1.75104e+09,0.497035,-0.0122696,0.564642,0.499946,-1.59586e-05,0.700036
1.75104e+09,0.497035,-0.0122696,0.564642,0.499946,-1.59586e-05,0.700036
1.75104e+09,0.497035,-0.0122696,0.564642,0.499946,-1.59586e-05,0.700036
1.75104e+09,0.497035,-0.0122696,0.564642,0.499946,-1.59586e-05,0.700036
1.75104e+09,0.497035,-0.0122696,0.564642,0.499946,-1.59586e-05,0.700036
1.75104e+09,0.497035,-0.0122696,0.564642,0.499946,-1.59586e-05,0.700036
1.75104e+09,0.497035,-0.0122696,0.564642,0.499946,-1.59586e-05,0.700036
1.75104e+09,0.497035,-0.0122696,0.564642,0.499946,-1.59586e-05,0.700036
1.75104e+09,0.499784,-0.00596928,0.561955,0.499946,-1.59586e-05,0.700036
1.75104e+09,0.499784,-0.00596928,0.561955,0.499946,-1.59586e-05,0.700036
1.75104e+09,0.499784,-0.00596928,0.561955,0.499946,-1.59586e-05,0.700036
1.75104e+09,0.499784,-0.00596928,0.561955,0.499946,-1.59586e-05,0.700036
1.75104e+09,0.499784,-0.00596928,0.561955,0.499946,-1.59586e-05,0.700036
1.75104e+09,0.499784,-0.00596928,0.561955,0.499946,-1.59586e-05,0.700036
1.75104e+09,0.499784,-0.00596928,0.561955,0.499946,-1.59586e-05,0.700036
1.75104e+09,0.499784,-0.00596928,0.561955,0.499946,-1.59586e-05,0.700036
1.75104e+09,0.499784,-0.00596928,0.561955,0.499946,-1.59586e-05,0.700036
1.75104e+09,0.499784,-0.00596928,0.561955,0.499946,-1.59586e-05,0.700036
1.75104e+09,0.499784,-0.00596928,0.561955,0.499946,-1.59586e-05,0.700036
1.75104e+09,0.500383,-0.0447896,0.566158,0.499946,-1.59586e-05,0.700036
1.75104e+09,0.500383,-0.0447896,0.566158,0.499946,-1.59586e-05,0.700036
1.75104e+09,0.500383,-0.0447896,0.566158,0.499946,-1.59586e-05,0.700036
1.75104e+09,0.500383,-0.0447896,0.566158,0.499946,-1.59586e-05,0.700036
1.75104e+09,0.500383,-0.0447896,0.566158,0.499946,-1.59586e-05,0.700036
1.75104e+09,0.500383,-0.0447896,0.566158,0.499946,-1.59586e-05,0.700036
1.75104e+09,0.500383,-0.0447896,0.566158,0.499946,-1.59586e-05,0.700036
1.75104e+09,0.500383,-0.0447896,0.566158,0.499946,-1.59586e-05,0.700036
1.75104e+09,0.500383,-0.0447896,0.566158,0.499946,-1.59586e-05,0.700036
1.75104e+09,0.510877,-0.0223686,0.562082,0.499946,-1.59586e-05,0.700036
1.75104e+09,0.510877,-0.0223686,0.562082,0.499946,-1.59586e-05,0.700036
1.75104e+09,0.510877,-0.0223686,0.562082,0.499946,-1.59586e-05,0.700036
1.75104e+09,0.510877,-0.0223686,0.562082,0.499946,-1.59586e-05,0.700036
1.75104e+09,0.510877,-0.0223686,0.562082,0.499946,-1.59586e-05,0.700036
1.75104e+09,0.510877,-0.0223686,0.562082,0.499946,-1.59586e-05,0.700036
1.75104e+09,0.510877,-0.0223686,0.562082,0.499946,-1.59586e-05,0.700036
1.75104e+09,0.510877,-0.0223686,0.562082,0.499946,-1.59586e-05,0.700036
1.75104e+09,0.510877,-0.0223686,0.562082,0.499946,-1.59586e-05,0.700036
1.75104e+09,0.510877,-0.0223686,0.562082,0.499946,-1.59586e-05,0.700036
1.75104e+09,0.510877,-0.0223686,0.562082,0.499946,-1.59586e-05,0.700036
1.75104e+09,0.510877,-0.0223686,0.562082,0.499946,-1.59586e-05,0.700036
1.75104e+09,0.52463,0.00904591,0.552839,0.499946,-1.59586e-05,0.700036
1.75104e+09,0.52463,0.00904591,0.552839,0.499946,-1.59586e-05,0.700036
1.75104e+09,0.52463,0.00904591,0.552839,0.499946,-1.59586e-05,0.700036
1.75104e+09,0.52463,0.00904591,0.552839,0.499946,-1.59586e-05,0.700036
1.75104e+09,0.52463,0.00904591,0.552839,0.499946,-1.59586e-05,0.700036
1.75104e+09,0.52463,0.00904591,0.552839,0.499946,-1.59586e-05,0.700036
1.75104e+09,0.52463,0.00904591,0.552839,0.499946,-1.59586e-05,0.700036
1.75104e+09,0.52463,0.00904591,0.552839,0.499946,-1.59586e-05,0.700036
1.75104e+09,0.52463,0.00904591,0.552839,0.499946,-1.59586e-05,0.700036
1.75104e+09,0.52463,0.00904591,0.552839,0.499946,-1.59586e-05,0.700036
1.75104e+09,0.52463,0.00904591,0.552839,0.499946,-1.59586e-05,0.700036
1.75104e+09,0.514258,0.046414,0.563541,0.499946,-1.59586e-05,0.700036
1.75104e+09,0.514258,0.046414,0.563541,0.499946,-1.59586e-05,0.700036
1.75104e+09,0.514258,0.046414,0.563541,0.499946,-1.59586e-05,0.700036
1.75104e+09,0.514258,0.046414,0.563541,0.499946,-1.59586e-05,0.700036
1.75104e+09,0.514258,0.046414,0.563541,0.499946,-1.59586e-05,0.700036
1.75104e+09,0.514258,0.046414,0.563541,0.499946,-1.59586e-05,0.700036
1.75104e+09,0.514258,0.046414,0.563541,0.499946,-1.59586e-05,0.700036
1.75104e+09,0.514258,0.046414,0.563541,0.499946,-1.59586e-05,0.700036
1.75104e+09,0.514258,0.046414,0.563541,0.499946,-1.59586e-05,0.700036
1.75104e+09,0.514258,0.046414,0.563541,0.499946,-1.59586e-05,0.700036
1.75104e+09,0.514258,0.046414,0.563541,0.499946,-1.59586e-05,0.700036
1.75104e+09,0.520619,0.0541911,0.547188,0.499946,-1.59586e-05,0.700036
1.75104e+09,0.520619,0.0541911,0.547188,0.499946,-1.59586e-05,0.700036
1.75104e+09,0.520619,0.0541911,0.547188,0.499946,-1.59586e-05,0.700036
1.75104e+09,0.520619,0.0541911,0.547188,0.499946,-1.59586e-05,0.700036
1.75104e+09,0.520619,0.0541911,0.547188,0.499946,-1.59586e-05,0.700036
1.75104e+09,0.520619,0.0541911,0.547188,0.499946,-1.59586e-05,0.700036
1.75104e+09,0.520619,0.0541911,0.547188,0.499946,-1.59586e-05,0.700036
1.75104e+09,0.520619,0.0541911,0.547188,0.499946,-1.59586e-05,0.700036
1.75104e+09,0.520619,0.0541911,0.547188,0.499946,-1.59586e-05,0.700036
1.75104e+09,0.520619,0.0541911,0.547188,0.499946,-1.59586e-05,0.700036
1.75104e+09,0.517433,0.0322686,0.547304,0.499946,-1.59586e-05,0.700036
1.75104e+09,0.517433,0.0322686,0.547304,0.499946,-1.59586e-05,0.700036
1.75104e+09,0.517433,0.0322686,0.547304,0.499946,-1.59586e-05,0.700036
1.75104e+09,0.517433,0.0322686,0.547304,0.499946,-1.59586e-05,0.700036
1.75104e+09,0.517433,0.0322686,0.547304,0.499946,-1.59586e-05,0.700036
1.75104e+09,0.517433,0.0322686,0.547304,0.499946,-1.59586e-05,0.700036
1.75104e+09,0.517433,0.0322686,0.547304,0.499946,-1.59586e-05,0.700036
1.75104e+09,0.517433,0.0322686,0.547304,0.499946,-1.59586e-05,0.700036
1.75104e+09,0.517433,0.0322686,0.547304,0.499946,-1.59586e-05,0.700036
1.75104e+09,0.517433,0.0322686,0.547304,0.499946,-1.59586e-05,0.700036
1.75104e+09,0.517433,0.0322686,0.547304,0.499946,-1.59586e-05,0.700036
1.75104e+09,0.505415,0.00566751,0.555878,0.499946,-1.59586e-05,0.700036
1.75104e+09,0.505415,0.00566751,0.555878,0.499946,-1.59586e-05,0.700036
1.75104e+09,0.505415,0.00566751,0.555878,0.499946,-1.59586e-05,0.700036
1.75104e+09,0.505415,0.00566751,0.555878,0.499946,-1.59586e-05,0.700036
1.75104e+09,0.505415,0.00566751,0.555878,0.499946,-1.59586e-05,0.700036
1.75104e+09,0.505415,0.00566751,0.555878,0.499946,-1.59586e-05,0.700036
1.75104e+09,0.505415,0.00566751,0.555878,0.499946,-1.59586e-05,0.700036
1.75104e+09,0.505415,0.00566751,0.555878,0.499946,-1.59586e-05,0.700036
1.75104e+09,0.505415,0.00566751,0.555878,0.499946,-1.59586e-05,0.700036
1.75104e+09,0.505415,0.00566751,0.555878,0.499946,-1.59586e-05,0.700036
1.75104e+09,0.505415,0.00566751,0.555878,0.499946,-1.59586e-05,0.700036
1.75104e+09,0.483267,0.0983622,0.558696,0.499946,-1.59586e-05,0.700036
1.75104e+09,0.483267,0.0983622,0.558696,0.499946,-1.59586e-05,0.700036
1.75104e+09,0.483267,0.0983622,0.558696,0.499946,-1.59586e-05,0.700036
1.75104e+09,0.483267,0.0983622,0.558696,0.499946,-1.59586e-05,0.700036
1.75104e+09,0.483267,0.0983622,0.558696,0.499946,-1.59586e-05,0.700036
1.75104e+09,0.483267,0.0983622,0.558696,0.499946,-1.59586e-05,0.700036
1.75104e+09,0.483267,0.0983622,0.558696,0.499946,-1.59586e-05,0.700036
1.75104e+09,0.483267,0.0983622,0.558696,0.499946,-1.59586e-05,0.700036
1.75104e+09,0.483267,0.0983622,0.558696,0.499946,-1.59586e-05,0.700036
1.75104e+09,0.483267,0.0983622,0.558696,0.499946,-1.59586e-05,0.700036
1.75104e+09,0.483267,0.0983622,0.558696,0.499946,-1.59586e-05,0.700036
1.75104e+09,0.493847,0.0459049,0.568476,0.499946,-1.59586e-05,0.700036
1.75104e+09,0.493847,0.0459049,0.568476,0.499946,-1.59586e-05,0.700036
1.75104e+09,0.493847,0.0459049,0.568476,0.499946,-1.59586e-05,0.700036
1.75104e+09,0.493847,0.0459049,0.568476,0.499946,-1.59586e-05,0.700036
1.75104e+09,0.493847,0.0459049,0.568476,0.499946,-1.59586e-05,0.700036
1.75104e+09,0.493847,0.0459049,0.568476,0.499946,-1.59586e-05,0.700036
1.75104e+09,0.493847,0.0459049,0.568476,0.499946,-1.59586e-05,0.700036
1.75104e+09,0.493847,0.0459049,0.568476,0.499946,-1.59586e-05,0.700036
1.75104e+09,0.493847,0.0459049,0.568476,0.499946,-1.59586e-05,0.700036
1.75104e+09,0.493847,0.0459049,0.568476,0.499946,-1.59586e-05,0.700036
1.75104e+09,0.490084,-0.00181311,0.583698,0.499946,-1.59586e-05,0.700036
1.75104e+09,0.490084,-0.00181311,0.583698,0.499946,-1.59586e-05,0.700036
1.75104e+09,0.490084,-0.00181311,0.583698,0.499946,-1.59586e-05,0.700036
1.75104e+09,0.490084,-0.00181311,0.583698,0.499946,-1.59586e-05,0.700036
1.75104e+09,0.490084,-0.00181311,0.583698,0.499946,-1.59586e-05,0.700036
1.75104e+09,0.490084,-0.00181311,0.583698,0.499946,-1.59586e-05,0.700036
1.75104e+09,0.490084,-0.00181311,0.583698,0.499946,-1.59586e-05,0.700036
1.75104e+09,0.490084,-0.00181311,0.583698,0.499946,-1.59586e-05,0.700036
1.75104e+09,0.490084,-0.00181311,0.583698,0.499946,-1.59586e-05,0.700036
1.75104e+09,0.490084,-0.00181311,0.583698,0.499946,-1.59586e-05,0.700036
1.75104e+09,0.490084,-0.00181311,0.583698,0.499946,-1.59586e-05,0.700036
1.75104e+09,0.495984,-0.0387292,0.585759,0.499946,-1.59586e-05,0.700036
1.75104e+09,0.495984,-0.0387292,0.585759,0.499946,-1.59586e-05,0.700036
1.75104e+09,0.495984,-0.0387292,0.585759,0.499946,-1.59586e-05,0.700036
1.75104e+09,0.495984,-0.0387292,0.585759,0.499946,-1.59586e-05,0.700036
1.75104e+09,0.495984,-0.0387292,0.585759,0.499946,-1.59586e-05,0.700036
1.75104e+09,0.495984,-0.0387292,0.585759,0.499946,-1.59586e-05,0.700036
1.75104e+09,0.495984,-0.0387292,0.585759,0.499946,-1.59586e-05,0.700036
1.75104e+09,0.495984,-0.0387292,0.585759,0.499946,-1.59586e-05,0.700036
1.75104e+09,0.495984,-0.0387292,0.585759,0.499946,-1.59586e-05,0.700036
1.75104e+09,0.495984,-0.0387292,0.585759,0.499946,-1.59586e-05,0.700036
1.75104e+09,0.495984,-0.0387292,0.585759,0.499946,-1.59586e-05,0.700036
1.75104e+09,0.502952,0.0033559,0.580351,0.499946,-1.59586e-05,0.700036
1.75104e+09,0.502952,0.0033559,0.580351,0.499946,-1.59586e-05,0.700036
1.75104e+09,0.502952,0.0033559,0.580351,0.499946,-1.59586e-05,0.700036
1.75104e+09,0.502952,0.0033559,0.580351,0.499946,-1.59586e-05,0.700036
1.75104e+09,0.502952,0.0033559,0.580351,0.499946,-1.59586e-05,0.700036
1.75104e+09,0.502952,0.0033559,0.580351,0.499946,-1.59586e-05,0.700036
1.75104e+09,0.502952,0.0033559,0.580351,0.499946,-1.59586e-05,0.700036
1.75104e+09,0.502952,0.0033559,0.580351,0.499946,-1.59586e-05,0.700036
1.75104e+09,0.502952,0.0033559,0.580351,0.499946,-1.59586e-05,0.700036
1.75104e+09,0.502952,0.0033559,0.580351,0.499946,-1.59586e-05,0.700036
1.75104e+09,0.512338,0.0382853,0.562709,0.499946,-1.59586e-05,0.700036
1.75104e+09,0.512338,0.0382853,0.562709,0.499946,-1.59586e-05,0.700036
1.75104e+09,0.512338,0.0382853,0.562709,0.499946,-1.59586e-05,0.700036
1.75104e+09,0.512338,0.0382853,0.562709,0.499946,-1.59586e-05,0.700036
1.75104e+09,0.512338,0.0382853,0.562709,0.499946,-1.59586e-05,0.700036
1.75104e+09,0.512338,0.0382853,0.562709,0.499946,-1.59586e-05,0.700036
1.75104e+09,0.512338,0.0382853,0.562709,0.499946,-1.59586e-05,0.700036
1.75104e+09,0.512338,0.0382853,0.562709,0.499946,-1.59586e-05,0.700036
1.75104e+09,0.512338,0.0382853,0.562709,0.499946,-1.59586e-05,0.700036
1.75104e+09,0.512338,0.0382853,0.562709,0.499946,-1.59586e-05,0.700036
1.75104e+09,0.512338,0.0382853,0.562709,0.499946,-1.59586e-05,0.700036
1.75104e+09,0.512962,0.0757271,0.549822,0.499946,-1.59586e-05,0.700036
1.75104e+09,0.512962,0.0757271,0.549822,0.499946,-1.59586e-05,0.700036
1.75104e+09,0.512962,0.0757271,0.549822,0.499946,-1.59586e-05,0.700036
1.75104e+09,0.512962,0.0757271,0.549822,0.499946,-1.59586e-05,0.700036
1.75104e+09,0.512962,0.0757271,0.549822,0.499946,-1.59586e-05,0.700036
1.75104e+09,0.512962,0.0757271,0.549822,0.499946,-1.59586e-05,0.700036
1.75104e+09,0.512962,0.0757271,0.549822,0.499946,-1.59586e-05,0.700036
1.75104e+09,0.512962,0.0757271,0.549822,0.499946,-1.59586e-05,0.700036
1.75104e+09,0.512962,0.0757271,0.549822,0.499946,-1.59586e-05,0.700036
1.75104e+09,0.512962,0.0757271,0.549822,0.499946,-1.59586e-05,0.700036
1.75104e+09,0.512962,0.0757271,0.549822,0.499946,-1.59586e-05,0.700036
1.75104e+09,0.517539,0.0710615,0.538414,0.499946,-1.59586e-05,0.700036
1.75104e+09,0.517539,0.0710615,0.538414,0.499946,-1.59586e-05,0.700036
1.75104e+09,0.517539,0.0710615,0.538414,0.499946,-1.59586e-05,0.700036
1.75104e+09,0.517539,0.0710615,0.538414,0.499946,-1.59586e-05,0.700036
1.75104e+09,0.517539,0.0710615,0.538414,0.499946,-1.59586e-05,0.700036
1.75104e+09,0.517539,0.0710615,0.538414,0.499946,-1.59586e-05,0.700036
1.75104e+09,0.517539,0.0710615,0.538414,0.499946,-1.59586e-05,0.700036
1.75104e+09,0.517539,0.0710615,0.538414,0.499946,-1.59586e-05,0.700036
1.75104e+09,0.517539,0.0710615,0.538414,0.499946,-1.59586e-05,0.700036
1.75104e+09,0.517539,0.0710615,0.538414,0.499946,-1.59586e-05,0.700036
1.75104e+09,0.517539,0.0710615,0.538414,0.499946,-1.59586e-05,0.700036
1.75104e+09,0.502971,0.0247593,0.554709,0.499946,-1.59586e-05,0.700036
1.75104e+09,0.502971,0.0247593,0.554709,0.499946,-1.59586e-05,0.700036
1.75104e+09,0.502971,0.0247593,0.554709,0.499946,-1.59586e-05,0.700036
1.75104e+09,0.502971,0.0247593,0.554709,0.499946,-1.59586e-05,0.700036
1.75104e+09,0.502971,0.0247593,0.554709,0.499946,-1.59586e-05,0.700036
1.75104e+09,0.502971,0.0247593,0.554709,0.499946,-1.59586e-05,0.700036
1.75104e+09,0.502971,0.0247593,0.554709,0.499946,-1.59586e-05,0.700036
1.75104e+09,0.502971,0.0247593,0.554709,0.499946,-1.59586e-05,0.700036
1.75104e+09,0.502971,0.0247593,0.554709,0.499946,-1.59586e-05,0.700036
1.75104e+09,0.502971,0.0247593,0.554709,0.499946,-1.59586e-05,0.700036
1.75104e+09,0.482881,-0.0141875,0.574809,0.499946,-1.59586e-05,0.700036
1.75104e+09,0.482881,-0.0141875,0.574809,0.499946,-1.59586e-05,0.700036
1.75104e+09,0.482881,-0.0141875,0.574809,0.499946,-1.59586e-05,0.700036
1.75104e+09,0.482881,-0.0141875,0.574809,0.499946,-1.59586e-05,0.700036
1.75104e+09,0.482881,-0.0141875,0.574809,0.499946,-1.59586e-05,0.700036
1.75104e+09,0.482881,-0.0141875,0.574809,0.499946,-1.59586e-05,0.700036
1.75104e+09,0.482881,-0.0141875,0.574809,0.499946,-1.59586e-05,0.700036
1.75104e+09,0.482881,-0.0141875,0.574809,0.499946,-1.59586e-05,0.700036
1.75104e+09,0.482881,-0.0141875,0.574809,0.499946,-1.59586e-05,0.700036
1.75104e+09,0.482881,-0.0141875,0.574809,0.499946,-1.59586e-05,0.700036
1.75104e+09,0.482881,-0.0141875,0.574809,0.499946,-1.59586e-05,0.700036
1.75104e+09,0.502816,-0.0444792,0.4833,0.499946,-1.59586e-05,0.700036
1.75104e+09,0.502816,-0.0444792,0.4833,0.499946,-1.59586e-05,0.700036
1.75104e+09,0.502816,-0.0444792,0.4833,0.499946,-1.59586e-05,0.700036
1.75104e+09,0.502816,-0.0444792,0.4833,0.499946,-1.59586e-05,0.700036
1.75104e+09,0.502816,-0.0444792,0.4833,0.499946,-1.59586e-05,0.700036
1.75104e+09,0.502816,-0.0444792,0.4833,0.499946,-1.59586e-05,0.700036
1.75104e+09,0.502816,-0.0444792,0.4833,0.499946,-1.59586e-05,0.700036
1.75104e+09,0.502816,-0.0444792,0.4833,0.499946,-1.59586e-05,0.700036
1.75104e+09,0.502816,-0.0444792,0.4833,0.499946,-1.59586e-05,0.700036
1.75104e+09,0.502816,-0.0444792,0.4833,0.499946,-1.59586e-05,0.700036
1.75104e+09,0.502816,-0.0444792,0.4833,0.499946,-1.59586e-05,0.700036
1.75104e+09,0.502816,-0.0444792,0.4833,0.499946,-1.59586e-05,0.700036
1.75104e+09,0.502816,-0.0444792,0.4833,0.499946,-1.59586e-05,0.700036
1.75104e+09,0.502816,-0.0444792,0.4833,0.499946,-1.59586e-05,0.700036
1.75104e+09,0.502816,-0.0444792,0.4833,0.499946,-1.59586e-05,0.700036
1.75104e+09,0.502816,-0.0444792,0.4833,0.499946,-1.59586e-05,0.700036
1.75104e+09,0.163576,0.0899104,0.14119,0.499946,-1.59586e-05,0.700036
1.75104e+09,0.163576,0.0899104,0.14119,0.499946,-1.59586e-05,0.700036
1.75104e+09,0.163576,0.0899104,0.14119,0.499946,-1.59586e-05,0.700036
1.75104e+09,0.163576,0.0899104,0.14119,0.499946,-1.59586e-05,0.700036
1.75104e+09,0.163576,0.0899104,0.14119,0.499946,-1.59586e-05,0.700036
1.75104e+09,0.163576,0.0899104,0.14119,0.499946,-1.59586e-05,0.700036
1.75104e+09,0.163576,0.0899104,0.14119,0.499946,-1.59586e-05,0.700036
1.75104e+09,0.163576,0.0899104,0.14119,0.499946,-1.59586e-05,0.700036
1.75104e+09,0.163576,0.0899104,0.14119,0.499946,-1.59586e-05,0.700036
1.75104e+09,0.163576,0.0899104,0.14119,0.499946,-1.59586e-05,0.700036
1.75104e+09,0.163576,0.0899104,0.14119,0.499946,-1.59586e-05,0.700036
1.75104e+09,0.163576,0.0899104,0.14119,0.499946,-1.59586e-05,0.700036
1.75104e+09,0.163576,0.0899104,0.14119,0.499946,-1.59586e-05,0.700036
1.75104e+09,0.163576,0.0899104,0.14119,0.499946,-1.59586e-05,0.700036
1.75104e+09,0.163576,0.0899104,0.14119,0.499946,-1.59586e-05,0.700036
1.75104e+09,0.163576,0.0899104,0.14119,0.499946,-1.59586e-05,0.700036
1.75104e+09,0.163576,0.0899104,0.14119,0.499946,-1.59586e-05,0.700036
1.75104e+09,0.163576,0.0899104,0.14119,0.499946,-1.59586e-05,0.700036
1.75104e+09,0.163576,0.0899104,0.14119,0.499946,-1.59586e-05,0.700036
1.75104e+09,0.163576,0.0899104,0.14119,0.499946,-1.59586e-05,0.700036
1.75104e+09,0.163576,0.0899104,0.14119,0.499946,-1.59586e-05,0.700036
1.75104e+09,0.163576,0.0899104,0.14119,0.499946,-1.59586e-05,0.700036
1.75104e+09,0.163576,0.0899104,0.14119,0.499946,-1.59586e-05,0.700036
1.75104e+09,0.163576,0.0899104,0.14119,0.499946,-1.59586e-05,0.700036
1.75104e+09,0.163576,0.0899104,0.14119,0.499946,-1.59586e-05,0.700036
1.75104e+09,0.163576,0.0899104,0.14119,0.499946,-1.59586e-05,0.700036
1.75104e+09,0.163576,0.0899104,0.14119,0.499946,-1.59586e-05,0.700036
1.75104e+09,0.163576,0.0899104,0.14119,0.499946,-1.59586e-05,0.700036
1.75104e+09,0.163576,0.0899104,0.14119,0.499946,-1.59586e-05,0.700036
1.75104e+09,0.163576,0.0899104,0.14119,0.499946,-1.59586e-05,0.700036
1.75104e+09,0.163576,0.0899104,0.14119,0.499946,-1.59586e-05,0.700036
1.75104e+09,0.163576,0.0899104,0.14119,0.499946,-1.59586e-05,0.700036
1.75104e+09,0.163576,0.0899104,0.14119,0.499946,-1.59586e-05,0.700036
1.75104e+09,0.163576,0.0899104,0.14119,0.499946,-1.59586e-05,0.700036
1.75104e+09,0.163576,0.0899104,0.14119,0.499946,-1.59586e-05,0.700036
1.75104e+09,0.163576,0.0899104,0.14119,0.499946,-1.59586e-05,0.700036
1.75104e+09,0.163576,0.0899104,0.14119,0.499946,-1.59586e-05,0.700036
1.75104e+09,0.163576,0.0899104,0.14119,0.499946,-1.59586e-05,0.700036
1.75104e+09,0.163576,0.0899104,0.14119,0.499946,-1.59586e-05,0.700036
1.75104e+09,0.163576,0.0899104,0.14119,0.499946,-1.59586e-05,0.700036
1.75104e+09,0.163576,0.0899104,0.14119,0.499946,-1.59586e-05,0.700036
1.75104e+09,0.163576,0.0899104,0.14119,0.499946,-1.59586e-05,0.700036
1.75104e+09,0.163576,0.0899104,0.14119,0.499946,-1.59586e-05,0.700036
1.75104e+09,0.163576,0.0899104,0.14119,0.499946,-1.59586e-05,0.700036
1.75104e+09,0.163576,0.0899104,0.14119,0.499946,-1.59586e-05,0.700036
1.75104e+09,0.163576,0.0899104,0.14119,0.499946,-1.59586e-05,0.700036
1.75104e+09,0.163576,0.0899104,0.14119,0.499946,-1.59586e-05,0.700036
1.75104e+09,0.163576,0.0899104,0.14119,0.499946,-1.59586e-05,0.700036
1.75104e+09,0.163576,0.0899104,0.14119,0.499946,-1.59586e-05,0.700036
1.75104e+09,0.163576,0.0899104,0.14119,0.499946,-1.59586e-05,0.700036
1.75104e+09,0.163576,0.0899104,0.14119,0.499946,-1.59586e-05,0.700036
1.75104e+09,0.163576,0.0899104,0.14119,0.499946,-1.59586e-05,0.700036
1.75104e+09,0.163576,0.0899104,0.14119,0.499946,-1.59586e-05,0.700036
1.75104e+09,0.163576,0.0899104,0.14119,0.499946,-1.59586e-05,0.700036
1.75104e+09,0.163576,0.0899104,0.14119,0.499946,-1.59586e-05,0.700036
1.75104e+09,0.163576,0.0899104,0.14119,0.499946,-1.59586e-05,0.700036
1.75104e+09,0.163576,0.0899104,0.14119,0.499946,-1.59586e-05,0.700036
1.75104e+09,0.163576,0.0899104,0.14119,0.499946,-1.59586e-05,0.700036
1.75104e+09,0.163576,0.0899104,0.14119,0.499946,-1.59586e-05,0.700036
1.75104e+09,0.163576,0.0899104,0.14119,0.499946,-1.59586e-05,0.700036
1.75104e+09,0.163576,0.0899104,0.14119,0.499946,-1.59586e-05,0.700036
1.75104e+09,0.163576,0.0899104,0.14119,0.499946,-1.59586e-05,0.700036
1.75104e+09,0.163576,0.0899104,0.14119,0.499946,-1.59586e-05,0.700036
1.75104e+09,0.163576,0.0899104,0.14119,0.499946,-1.59586e-05,0.700036
1.75104e+09,0.163576,0.0899104,0.14119,0.499946,-1.59586e-05,0.700036
1.75104e+09,0.163576,0.0899104,0.14119,0.499946,-1.59586e-05,0.700036
1.75104e+09,0.163576,0.0899104,0.14119,0.499946,-1.59586e-05,0.700036
1.75104e+09,0.163576,0.0899104,0.14119,0.499946,-1.59586e-05,0.700036
1.75104e+09,0.163576,0.0899104,0.14119,0.499946,-1.59586e-05,0.700036
1.75104e+09,0.163576,0.0899104,0.14119,0.499946,-1.59586e-05,0.700036
